,frameNumber,dateTime,lat,lon
0,1,2019-09-26 10:20:46.117,-34.593115,-58.48479
1,2,2019-09-26 10:20:46.157,-34.593115,-58.48479
2,3,2019-09-26 10:20:46.197,-34.593115,-58.48479
3,4,2019-09-26 10:20:46.237,-34.593115,-58.48479
4,5,2019-09-26 10:20:46.277,-34.593114,-58.48479
5,6,2019-09-26 10:20:46.317,-34.593114,-58.48479
6,7,2019-09-26 10:20:46.357,-34.593114,-58.48479
7,8,2019-09-26 10:20:46.397,-34.593114,-58.48479
8,9,2019-09-26 10:20:46.437,-34.593113,-58.48479
9,10,2019-09-26 10:20:46.477,-34.593113,-58.48479
10,11,2019-09-26 10:20:46.517,-34.593113,-58.48479
11,12,2019-09-26 10:20:46.557,-34.593113,-58.48479
12,13,2019-09-26 10:20:46.597,-34.593113,-58.48479
13,14,2019-09-26 10:20:46.637,-34.593113,-58.48479
14,15,2019-09-26 10:20:46.677,-34.593113,-58.484789
15,16,2019-09-26 10:20:46.717,-34.593113,-58.484789
16,17,2019-09-26 10:20:46.757,-34.593112,-58.48479
17,18,2019-09-26 10:20:46.797,-34.593112,-58.48479
18,19,2019-09-26 10:20:46.837,-34.593112,-58.48479
19,20,2019-09-26 10:20:46.877,-34.593112,-58.484789
20,21,2019-09-26 10:20:46.917,-34.593112,-58.484789
21,22,2019-09-26 10:20:46.957,-34.593111,-58.484789
22,23,2019-09-26 10:20:46.997,-34.593111,-58.484789
23,24,2019-09-26 10:20:47.037,-34.593111,-58.484789
24,25,2019-09-26 10:20:47.077,-34.593111,-58.484789
25,26,2019-09-26 10:20:47.117,-34.593111,-58.484789
26,27,2019-09-26 10:20:47.157,-34.59311,-58.484789
27,28,2019-09-26 10:20:47.197,-34.59311,-58.484789
28,29,2019-09-26 10:20:47.237,-34.59311,-58.484789
29,30,2019-09-26 10:20:47.277,-34.593109,-58.484789
30,31,2019-09-26 10:20:47.317,-34.593109,-58.484789
31,32,2019-09-26 10:20:47.357,-34.593109,-58.484789
32,33,2019-09-26 10:20:47.397,-34.593109,-58.484789
33,34,2019-09-26 10:20:47.437,-34.593108,-58.484789
34,35,2019-09-26 10:20:47.477,-34.593108,-58.484789
35,36,2019-09-26 10:20:47.517,-34.593108,-58.484789
36,37,2019-09-26 10:20:47.557,-34.593107,-58.484789
37,38,2019-09-26 10:20:47.597,-34.593107,-58.484789
38,39,2019-09-26 10:20:47.637,-34.593107,-58.484789
39,40,2019-09-26 10:20:47.677,-34.593107,-58.484789
40,41,2019-09-26 10:20:47.717,-34.593107,-58.484789
41,42,2019-09-26 10:20:47.757,-34.593106,-58.484789
42,43,2019-09-26 10:20:47.797,-34.593106,-58.484789
43,44,2019-09-26 10:20:47.837,-34.593106,-58.484789
44,45,2019-09-26 10:20:47.877,-34.593106,-58.484789
45,46,2019-09-26 10:20:47.917,-34.593106,-58.484789
46,47,2019-09-26 10:20:47.957,-34.593105,-58.484789
47,48,2019-09-26 10:20:47.997,-34.593105,-58.484789
48,49,2019-09-26 10:20:48.037,-34.593104,-58.484789
49,50,2019-09-26 10:20:48.077,-34.593104,-58.484789
50,51,2019-09-26 10:20:48.117,-34.593104,-58.484789
51,52,2019-09-26 10:20:48.157,-34.593104,-58.484789
52,53,2019-09-26 10:20:48.197,-34.593104,-58.484789
53,54,2019-09-26 10:20:48.237,-34.593104,-58.484789
54,55,2019-09-26 10:20:48.277,-34.593103,-58.484789
55,56,2019-09-26 10:20:48.317,-34.593103,-58.484789
56,57,2019-09-26 10:20:48.357,-34.593102,-58.484789
57,58,2019-09-26 10:20:48.397,-34.593102,-58.484789
58,59,2019-09-26 10:20:48.437,-34.593102,-58.484789
59,60,2019-09-26 10:20:48.477,-34.593101,-58.484789
60,61,2019-09-26 10:20:48.517,-34.593101,-58.484789
61,62,2019-09-26 10:20:48.557,-34.593101,-58.484789
62,63,2019-09-26 10:20:48.597,-34.593101,-58.484789
63,64,2019-09-26 10:20:48.637,-34.5931,-58.484789
64,65,2019-09-26 10:20:48.677,-34.5931,-58.484789
65,66,2019-09-26 10:20:48.717,-34.5931,-58.484789
66,67,2019-09-26 10:20:48.757,-34.593099,-58.484789
67,68,2019-09-26 10:20:48.797,-34.593099,-58.484789
68,69,2019-09-26 10:20:48.837,-34.593099,-58.484789
69,70,2019-09-26 10:20:48.877,-34.593099,-58.484789
70,71,2019-09-26 10:20:48.917,-34.593099,-58.484789
71,72,2019-09-26 10:20:48.957,-34.593098,-58.484789
72,73,2019-09-26 10:20:48.997,-34.593098,-58.484789
73,74,2019-09-26 10:20:49.037,-34.593097,-58.484789
74,75,2019-09-26 10:20:49.077,-34.593097,-58.484789
75,76,2019-09-26 10:20:49.117,-34.593097,-58.484789
76,77,2019-09-26 10:20:49.157,-34.593096,-58.484789
77,78,2019-09-26 10:20:49.197,-34.593096,-58.484789
78,79,2019-09-26 10:20:49.237,-34.593096,-58.484789
79,80,2019-09-26 10:20:49.277,-34.593095,-58.484789
80,81,2019-09-26 10:20:49.317,-34.593095,-58.484789
81,82,2019-09-26 10:20:49.357,-34.593095,-58.48479
82,83,2019-09-26 10:20:49.397,-34.593095,-58.48479
83,84,2019-09-26 10:20:49.437,-34.593094,-58.48479
84,85,2019-09-26 10:20:49.477,-34.593094,-58.48479
85,86,2019-09-26 10:20:49.517,-34.593094,-58.48479
86,87,2019-09-26 10:20:49.557,-34.593093,-58.48479
87,88,2019-09-26 10:20:49.597,-34.593093,-58.48479
88,89,2019-09-26 10:20:49.637,-34.593093,-58.48479
89,90,2019-09-26 10:20:49.677,-34.593092,-58.48479
90,91,2019-09-26 10:20:49.717,-34.593092,-58.48479
91,92,2019-09-26 10:20:49.757,-34.593091,-58.48479
92,93,2019-09-26 10:20:49.797,-34.593091,-58.48479
93,94,2019-09-26 10:20:49.837,-34.59309,-58.48479
94,95,2019-09-26 10:20:49.877,-34.59309,-58.48479
95,96,2019-09-26 10:20:49.917,-34.59309,-58.48479
96,97,2019-09-26 10:20:49.957,-34.59309,-58.48479
97,98,2019-09-26 10:20:49.997,-34.59309,-58.48479
98,99,2019-09-26 10:20:50.037,-34.593089,-58.48479
99,100,2019-09-26 10:20:50.077,-34.593089,-58.48479
100,101,2019-09-26 10:20:50.117,-34.593089,-58.48479
101,102,2019-09-26 10:20:50.157,-34.593088,-58.48479
102,103,2019-09-26 10:20:50.197,-34.593088,-58.48479
103,104,2019-09-26 10:20:50.237,-34.593087,-58.48479
104,105,2019-09-26 10:20:50.277,-34.593087,-58.48479
105,106,2019-09-26 10:20:50.317,-34.593087,-58.48479
106,107,2019-09-26 10:20:50.357,-34.593087,-58.48479
107,108,2019-09-26 10:20:50.397,-34.593087,-58.48479
108,109,2019-09-26 10:20:50.437,-34.593087,-58.48479
109,110,2019-09-26 10:20:50.477,-34.593086,-58.48479
110,111,2019-09-26 10:20:50.517,-34.593086,-58.48479
111,112,2019-09-26 10:20:50.557,-34.593085,-58.484791
112,113,2019-09-26 10:20:50.597,-34.593085,-58.484791
113,114,2019-09-26 10:20:50.637,-34.593084,-58.484791
114,115,2019-09-26 10:20:50.677,-34.593084,-58.484791
115,116,2019-09-26 10:20:50.717,-34.593084,-58.484791
116,117,2019-09-26 10:20:50.757,-34.593083,-58.484791
117,118,2019-09-26 10:20:50.797,-34.593083,-58.484791
118,119,2019-09-26 10:20:50.837,-34.593082,-58.484791
119,120,2019-09-26 10:20:50.877,-34.593082,-58.484791
120,121,2019-09-26 10:20:50.917,-34.593082,-58.484791
121,122,2019-09-26 10:20:50.957,-34.593081,-58.484791
122,123,2019-09-26 10:20:50.997,-34.593081,-58.484791
123,124,2019-09-26 10:20:51.037,-34.59308,-58.484791
124,125,2019-09-26 10:20:51.077,-34.59308,-58.484791
125,126,2019-09-26 10:20:51.117,-34.59308,-58.484791
126,127,2019-09-26 10:20:51.157,-34.59308,-58.484791
127,128,2019-09-26 10:20:51.197,-34.59308,-58.484791
128,129,2019-09-26 10:20:51.237,-34.593079,-58.484791
129,130,2019-09-26 10:20:51.277,-34.593079,-58.484791
130,131,2019-09-26 10:20:51.317,-34.593079,-58.484791
131,132,2019-09-26 10:20:51.357,-34.593078,-58.484791
132,133,2019-09-26 10:20:51.397,-34.593078,-58.484791
133,134,2019-09-26 10:20:51.437,-34.593078,-58.484791
134,135,2019-09-26 10:20:51.477,-34.593077,-58.484791
135,136,2019-09-26 10:20:51.517,-34.593077,-58.484791
136,137,2019-09-26 10:20:51.557,-34.593076,-58.484791
137,138,2019-09-26 10:20:51.597,-34.593076,-58.484791
138,139,2019-09-26 10:20:51.637,-34.593076,-58.484791
139,140,2019-09-26 10:20:51.677,-34.593075,-58.484792
140,141,2019-09-26 10:20:51.717,-34.593075,-58.484792
141,142,2019-09-26 10:20:51.757,-34.593075,-58.484792
142,143,2019-09-26 10:20:51.797,-34.593075,-58.484792
143,144,2019-09-26 10:20:51.837,-34.593074,-58.484792
144,145,2019-09-26 10:20:51.877,-34.593074,-58.484792
145,146,2019-09-26 10:20:51.917,-34.593074,-58.484792
146,147,2019-09-26 10:20:51.957,-34.593073,-58.484792
147,148,2019-09-26 10:20:51.997,-34.593073,-58.484792
148,149,2019-09-26 10:20:52.037,-34.593072,-58.484792
149,150,2019-09-26 10:20:52.077,-34.593072,-58.484792
150,151,2019-09-26 10:20:52.117,-34.593072,-58.484792
151,152,2019-09-26 10:20:52.157,-34.593071,-58.484792
152,153,2019-09-26 10:20:52.197,-34.593071,-58.484792
153,154,2019-09-26 10:20:52.237,-34.59307,-58.484792
154,155,2019-09-26 10:20:52.277,-34.59307,-58.484792
155,156,2019-09-26 10:20:52.317,-34.59307,-58.484792
156,157,2019-09-26 10:20:52.357,-34.59307,-58.484792
157,158,2019-09-26 10:20:52.397,-34.59307,-58.484792
158,159,2019-09-26 10:20:52.437,-34.593069,-58.484792
159,160,2019-09-26 10:20:52.477,-34.593069,-58.484792
160,161,2019-09-26 10:20:52.517,-34.593069,-58.484792
161,162,2019-09-26 10:20:52.557,-34.593068,-58.484792
162,163,2019-09-26 10:20:52.597,-34.593068,-58.484792
163,164,2019-09-26 10:20:52.637,-34.593068,-58.484792
164,165,2019-09-26 10:20:52.677,-34.593067,-58.484792
165,166,2019-09-26 10:20:52.717,-34.593067,-58.484792
166,167,2019-09-26 10:20:52.757,-34.593066,-58.484793
167,168,2019-09-26 10:20:52.797,-34.593066,-58.484793
168,169,2019-09-26 10:20:52.837,-34.593065,-58.484793
169,170,2019-09-26 10:20:52.877,-34.593065,-58.484793
170,171,2019-09-26 10:20:52.917,-34.593065,-58.484793
171,172,2019-09-26 10:20:52.957,-34.593064,-58.484793
172,173,2019-09-26 10:20:52.997,-34.593064,-58.484793
173,174,2019-09-26 10:20:53.037,-34.593063,-58.484793
174,175,2019-09-26 10:20:53.077,-34.593063,-58.484793
175,176,2019-09-26 10:20:53.117,-34.593063,-58.484793
176,177,2019-09-26 10:20:53.157,-34.593063,-58.484793
177,178,2019-09-26 10:20:53.197,-34.593063,-58.484793
178,179,2019-09-26 10:20:53.237,-34.593062,-58.484793
179,180,2019-09-26 10:20:53.277,-34.593062,-58.484793
180,181,2019-09-26 10:20:53.317,-34.593062,-58.484793
181,182,2019-09-26 10:20:53.357,-34.593061,-58.484793
182,183,2019-09-26 10:20:53.397,-34.593061,-58.484793
183,184,2019-09-26 10:20:53.437,-34.593061,-58.484793
184,185,2019-09-26 10:20:53.477,-34.59306,-58.484793
185,186,2019-09-26 10:20:53.517,-34.59306,-58.484793
186,187,2019-09-26 10:20:53.557,-34.593059,-58.484793
187,188,2019-09-26 10:20:53.597,-34.593059,-58.484793
188,189,2019-09-26 10:20:53.637,-34.593058,-58.484793
189,190,2019-09-26 10:20:53.677,-34.593058,-58.484793
190,191,2019-09-26 10:20:53.717,-34.593058,-58.484793
191,192,2019-09-26 10:20:53.757,-34.593057,-58.484793
192,193,2019-09-26 10:20:53.797,-34.593057,-58.484793
193,194,2019-09-26 10:20:53.837,-34.593057,-58.484793
194,195,2019-09-26 10:20:53.877,-34.593056,-58.484793
195,196,2019-09-26 10:20:53.917,-34.593056,-58.484793
196,197,2019-09-26 10:20:53.957,-34.593056,-58.484793
197,198,2019-09-26 10:20:53.997,-34.593056,-58.484793
198,199,2019-09-26 10:20:54.037,-34.593055,-58.484793
199,200,2019-09-26 10:20:54.077,-34.593055,-58.484793
200,201,2019-09-26 10:20:54.117,-34.593055,-58.484793
201,202,2019-09-26 10:20:54.157,-34.593054,-58.484794
202,203,2019-09-26 10:20:54.197,-34.593054,-58.484794
203,204,2019-09-26 10:20:54.237,-34.593054,-58.484794
204,205,2019-09-26 10:20:54.277,-34.593053,-58.484794
205,206,2019-09-26 10:20:54.317,-34.593053,-58.484794
206,207,2019-09-26 10:20:54.357,-34.593052,-58.484794
207,208,2019-09-26 10:20:54.397,-34.593052,-58.484794
208,209,2019-09-26 10:20:54.437,-34.593051,-58.484794
209,210,2019-09-26 10:20:54.477,-34.593051,-58.484794
210,211,2019-09-26 10:20:54.517,-34.593051,-58.484794
211,212,2019-09-26 10:20:54.557,-34.59305,-58.484794
212,213,2019-09-26 10:20:54.597,-34.59305,-58.484794
213,214,2019-09-26 10:20:54.637,-34.593049,-58.484794
214,215,2019-09-26 10:20:54.677,-34.593049,-58.484794
215,216,2019-09-26 10:20:54.717,-34.593049,-58.484794
216,217,2019-09-26 10:20:54.757,-34.593048,-58.484794
217,218,2019-09-26 10:20:54.797,-34.593048,-58.484794
218,219,2019-09-26 10:20:54.837,-34.593048,-58.484794
219,220,2019-09-26 10:20:54.877,-34.593047,-58.484794
220,221,2019-09-26 10:20:54.917,-34.593047,-58.484794
221,222,2019-09-26 10:20:54.957,-34.593046,-58.484794
222,223,2019-09-26 10:20:54.997,-34.593046,-58.484794
223,224,2019-09-26 10:20:55.037,-34.593046,-58.484794
224,225,2019-09-26 10:20:55.077,-34.593045,-58.484794
225,226,2019-09-26 10:20:55.117,-34.593045,-58.484794
226,227,2019-09-26 10:20:55.157,-34.593045,-58.484794
227,228,2019-09-26 10:20:55.197,-34.593045,-58.484794
228,229,2019-09-26 10:20:55.237,-34.593044,-58.484794
229,230,2019-09-26 10:20:55.277,-34.593044,-58.484794
230,231,2019-09-26 10:20:55.317,-34.593044,-58.484794
231,232,2019-09-26 10:20:55.357,-34.593043,-58.484794
232,233,2019-09-26 10:20:55.397,-34.593043,-58.484794
233,234,2019-09-26 10:20:55.437,-34.593043,-58.484794
234,235,2019-09-26 10:20:55.477,-34.593042,-58.484794
235,236,2019-09-26 10:20:55.517,-34.593042,-58.484794
236,237,2019-09-26 10:20:55.557,-34.593041,-58.484794
237,238,2019-09-26 10:20:55.597,-34.593041,-58.484794
238,239,2019-09-26 10:20:55.637,-34.59304,-58.484794
239,240,2019-09-26 10:20:55.677,-34.59304,-58.484794
240,241,2019-09-26 10:20:55.717,-34.59304,-58.484794
241,242,2019-09-26 10:20:55.757,-34.593039,-58.484795
242,243,2019-09-26 10:20:55.797,-34.593039,-58.484795
243,244,2019-09-26 10:20:55.837,-34.593038,-58.484795
244,245,2019-09-26 10:20:55.877,-34.593038,-58.484795
245,246,2019-09-26 10:20:55.917,-34.593038,-58.484795
246,247,2019-09-26 10:20:55.957,-34.593037,-58.484795
247,248,2019-09-26 10:20:55.997,-34.593037,-58.484795
248,249,2019-09-26 10:20:56.037,-34.593037,-58.484795
249,250,2019-09-26 10:20:56.077,-34.593037,-58.484795
250,251,2019-09-26 10:20:56.117,-34.593037,-58.484795
251,252,2019-09-26 10:20:56.157,-34.593036,-58.484795
252,253,2019-09-26 10:20:56.197,-34.593036,-58.484795
253,254,2019-09-26 10:20:56.237,-34.593035,-58.484795
254,255,2019-09-26 10:20:56.277,-34.593035,-58.484795
255,256,2019-09-26 10:20:56.317,-34.593035,-58.484795
256,257,2019-09-26 10:20:56.357,-34.593034,-58.484795
257,258,2019-09-26 10:20:56.397,-34.593034,-58.484795
258,259,2019-09-26 10:20:56.437,-34.593034,-58.484795
259,260,2019-09-26 10:20:56.477,-34.593033,-58.484795
260,261,2019-09-26 10:20:56.517,-34.593033,-58.484795
261,262,2019-09-26 10:20:56.557,-34.593032,-58.484795
262,263,2019-09-26 10:20:56.597,-34.593032,-58.484795
263,264,2019-09-26 10:20:56.637,-34.593031,-58.484795
264,265,2019-09-26 10:20:56.677,-34.593031,-58.484795
265,266,2019-09-26 10:20:56.717,-34.593031,-58.484795
266,267,2019-09-26 10:20:56.757,-34.59303,-58.484795
267,268,2019-09-26 10:20:56.797,-34.59303,-58.484795
268,269,2019-09-26 10:20:56.837,-34.59303,-58.484795
269,270,2019-09-26 10:20:56.877,-34.593029,-58.484795
270,271,2019-09-26 10:20:56.917,-34.593029,-58.484795
271,272,2019-09-26 10:20:56.957,-34.593028,-58.484795
272,273,2019-09-26 10:20:56.997,-34.593028,-58.484795
273,274,2019-09-26 10:20:57.037,-34.593027,-58.484796
274,275,2019-09-26 10:20:57.077,-34.593027,-58.484796
275,276,2019-09-26 10:20:57.117,-34.593027,-58.484796
276,277,2019-09-26 10:20:57.157,-34.593026,-58.484796
277,278,2019-09-26 10:20:57.197,-34.593026,-58.484796
278,279,2019-09-26 10:20:57.237,-34.593025,-58.484796
279,280,2019-09-26 10:20:57.277,-34.593025,-58.484796
280,281,2019-09-26 10:20:57.317,-34.593025,-58.484796
281,282,2019-09-26 10:20:57.357,-34.593024,-58.484796
282,283,2019-09-26 10:20:57.397,-34.593024,-58.484796
283,284,2019-09-26 10:20:57.437,-34.593024,-58.484796
284,285,2019-09-26 10:20:57.477,-34.593024,-58.484796
285,286,2019-09-26 10:20:57.517,-34.593024,-58.484796
286,287,2019-09-26 10:20:57.557,-34.593023,-58.484796
287,288,2019-09-26 10:20:57.597,-34.593023,-58.484796
288,289,2019-09-26 10:20:57.637,-34.593022,-58.484796
289,290,2019-09-26 10:20:57.677,-34.593022,-58.484796
290,291,2019-09-26 10:20:57.717,-34.593022,-58.484796
291,292,2019-09-26 10:20:57.757,-34.593021,-58.484796
292,293,2019-09-26 10:20:57.797,-34.593021,-58.484796
293,294,2019-09-26 10:20:57.837,-34.593021,-58.484796
294,295,2019-09-26 10:20:57.877,-34.59302,-58.484796
295,296,2019-09-26 10:20:57.917,-34.59302,-58.484796
296,297,2019-09-26 10:20:57.957,-34.593019,-58.484796
297,298,2019-09-26 10:20:57.997,-34.593019,-58.484796
298,299,2019-09-26 10:20:58.037,-34.593018,-58.484796
299,300,2019-09-26 10:20:58.077,-34.593018,-58.484796
300,301,2019-09-26 10:20:58.117,-34.593018,-58.484796
301,302,2019-09-26 10:20:58.157,-34.593017,-58.484796
302,303,2019-09-26 10:20:58.197,-34.593017,-58.484796
303,304,2019-09-26 10:20:58.237,-34.593017,-58.484796
304,305,2019-09-26 10:20:58.277,-34.593017,-58.484796
305,306,2019-09-26 10:20:58.317,-34.593017,-58.484796
306,307,2019-09-26 10:20:58.357,-34.593016,-58.484797
307,308,2019-09-26 10:20:58.397,-34.593016,-58.484797
308,309,2019-09-26 10:20:58.437,-34.593015,-58.484797
309,310,2019-09-26 10:20:58.477,-34.593015,-58.484797
310,311,2019-09-26 10:20:58.517,-34.593015,-58.484797
311,312,2019-09-26 10:20:58.557,-34.593014,-58.484797
312,313,2019-09-26 10:20:58.597,-34.593014,-58.484797
313,314,2019-09-26 10:20:58.637,-34.593013,-58.484797
314,315,2019-09-26 10:20:58.677,-34.593013,-58.484797
315,316,2019-09-26 10:20:58.717,-34.593013,-58.484797
316,317,2019-09-26 10:20:58.757,-34.593012,-58.484797
317,318,2019-09-26 10:20:58.797,-34.593012,-58.484797
318,319,2019-09-26 10:20:58.837,-34.593011,-58.484797
319,320,2019-09-26 10:20:58.877,-34.593011,-58.484797
320,321,2019-09-26 10:20:58.917,-34.593011,-58.484797
321,322,2019-09-26 10:20:58.957,-34.59301,-58.484797
322,323,2019-09-26 10:20:58.997,-34.59301,-58.484797
323,324,2019-09-26 10:20:59.037,-34.593009,-58.484797
324,325,2019-09-26 10:20:59.077,-34.593009,-58.484797
325,326,2019-09-26 10:20:59.117,-34.593009,-58.484797
326,327,2019-09-26 10:20:59.157,-34.593008,-58.484797
327,328,2019-09-26 10:20:59.197,-34.593008,-58.484797
328,329,2019-09-26 10:20:59.237,-34.593008,-58.484797
329,330,2019-09-26 10:20:59.277,-34.593007,-58.484797
330,331,2019-09-26 10:20:59.317,-34.593007,-58.484797
331,332,2019-09-26 10:20:59.357,-34.593006,-58.484797
332,333,2019-09-26 10:20:59.397,-34.593006,-58.484797
333,334,2019-09-26 10:20:59.437,-34.593006,-58.484798
334,335,2019-09-26 10:20:59.477,-34.593006,-58.484798
335,336,2019-09-26 10:20:59.517,-34.593006,-58.484798
336,337,2019-09-26 10:20:59.557,-34.593005,-58.484797
337,338,2019-09-26 10:20:59.597,-34.593005,-58.484797
338,339,2019-09-26 10:20:59.637,-34.593004,-58.484797
339,340,2019-09-26 10:20:59.677,-34.593004,-58.484797
340,341,2019-09-26 10:20:59.717,-34.593004,-58.484797
341,342,2019-09-26 10:20:59.757,-34.593003,-58.484798
342,343,2019-09-26 10:20:59.797,-34.593003,-58.484798
343,344,2019-09-26 10:20:59.837,-34.593002,-58.484798
344,345,2019-09-26 10:20:59.877,-34.593002,-58.484798
345,346,2019-09-26 10:20:59.917,-34.593002,-58.484798
346,347,2019-09-26 10:20:59.957,-34.593001,-58.484798
347,348,2019-09-26 10:20:59.997,-34.593001,-58.484798
348,349,2019-09-26 10:21:00.037,-34.593,-58.484798
349,350,2019-09-26 10:21:00.077,-34.593,-58.484798
350,351,2019-09-26 10:21:00.117,-34.593,-58.484798
351,352,2019-09-26 10:21:00.157,-34.592999,-58.484798
352,353,2019-09-26 10:21:00.197,-34.592999,-58.484798
353,354,2019-09-26 10:21:00.237,-34.592998,-58.484798
354,355,2019-09-26 10:21:00.277,-34.592998,-58.484798
355,356,2019-09-26 10:21:00.317,-34.592998,-58.484798
356,357,2019-09-26 10:21:00.357,-34.592997,-58.484798
357,358,2019-09-26 10:21:00.397,-34.592997,-58.484798
358,359,2019-09-26 10:21:00.437,-34.592996,-58.484798
359,360,2019-09-26 10:21:00.477,-34.592996,-58.484798
360,361,2019-09-26 10:21:00.517,-34.592996,-58.484798
361,362,2019-09-26 10:21:00.557,-34.592996,-58.484798
362,363,2019-09-26 10:21:00.597,-34.592996,-58.484798
363,364,2019-09-26 10:21:00.637,-34.592996,-58.484798
364,365,2019-09-26 10:21:00.677,-34.592995,-58.484798
365,366,2019-09-26 10:21:00.717,-34.592995,-58.484798
366,367,2019-09-26 10:21:00.757,-34.592994,-58.484798
367,368,2019-09-26 10:21:00.797,-34.592994,-58.484798
368,369,2019-09-26 10:21:00.837,-34.592993,-58.484798
369,370,2019-09-26 10:21:00.877,-34.592993,-58.484798
370,371,2019-09-26 10:21:00.917,-34.592993,-58.484798
371,372,2019-09-26 10:21:00.957,-34.592992,-58.484798
372,373,2019-09-26 10:21:00.997,-34.592992,-58.484798
373,374,2019-09-26 10:21:01.037,-34.592991,-58.484798
374,375,2019-09-26 10:21:01.077,-34.592991,-58.484798
375,376,2019-09-26 10:21:01.117,-34.592991,-58.484798
376,377,2019-09-26 10:21:01.157,-34.59299,-58.484798
377,378,2019-09-26 10:21:01.197,-34.59299,-58.484798
378,379,2019-09-26 10:21:01.237,-34.59299,-58.484798
379,380,2019-09-26 10:21:01.277,-34.592989,-58.484798
380,381,2019-09-26 10:21:01.317,-34.592989,-58.484798
381,382,2019-09-26 10:21:01.357,-34.592988,-58.484799
382,383,2019-09-26 10:21:01.397,-34.592988,-58.484799
383,384,2019-09-26 10:21:01.437,-34.592988,-58.484799
384,385,2019-09-26 10:21:01.477,-34.592987,-58.484799
385,386,2019-09-26 10:21:01.517,-34.592987,-58.484799
386,387,2019-09-26 10:21:01.557,-34.592986,-58.484799
387,388,2019-09-26 10:21:01.597,-34.592986,-58.484799
388,389,2019-09-26 10:21:01.637,-34.592985,-58.484799
389,390,2019-09-26 10:21:01.677,-34.592985,-58.484799
390,391,2019-09-26 10:21:01.717,-34.592985,-58.484799
391,392,2019-09-26 10:21:01.757,-34.592984,-58.484799
392,393,2019-09-26 10:21:01.797,-34.592984,-58.484799
393,394,2019-09-26 10:21:01.837,-34.592984,-58.484799
394,395,2019-09-26 10:21:01.877,-34.592983,-58.484799
395,396,2019-09-26 10:21:01.917,-34.592983,-58.484799
396,397,2019-09-26 10:21:01.957,-34.592982,-58.484799
397,398,2019-09-26 10:21:01.997,-34.592982,-58.484799
398,399,2019-09-26 10:21:02.037,-34.592982,-58.484799
399,400,2019-09-26 10:21:02.077,-34.592982,-58.484799
400,401,2019-09-26 10:21:02.117,-34.592982,-58.484799
401,402,2019-09-26 10:21:02.157,-34.592981,-58.484799
402,403,2019-09-26 10:21:02.197,-34.592981,-58.484799
403,404,2019-09-26 10:21:02.237,-34.592981,-58.484799
404,405,2019-09-26 10:21:02.277,-34.59298,-58.484799
405,406,2019-09-26 10:21:02.317,-34.59298,-58.484799
406,407,2019-09-26 10:21:02.357,-34.592979,-58.484799
407,408,2019-09-26 10:21:02.397,-34.592979,-58.484799
408,409,2019-09-26 10:21:02.437,-34.592979,-58.484799
409,410,2019-09-26 10:21:02.477,-34.592978,-58.484799
410,411,2019-09-26 10:21:02.517,-34.592978,-58.484799
411,412,2019-09-26 10:21:02.557,-34.592977,-58.484799
412,413,2019-09-26 10:21:02.597,-34.592977,-58.484799
413,414,2019-09-26 10:21:02.637,-34.592977,-58.484799
414,415,2019-09-26 10:21:02.677,-34.592976,-58.484799
415,416,2019-09-26 10:21:02.717,-34.592976,-58.484799
416,417,2019-09-26 10:21:02.757,-34.592975,-58.484799
417,418,2019-09-26 10:21:02.797,-34.592975,-58.484799
418,419,2019-09-26 10:21:02.837,-34.592975,-58.484799
419,420,2019-09-26 10:21:02.877,-34.592974,-58.484799
420,421,2019-09-26 10:21:02.917,-34.592974,-58.484799
421,422,2019-09-26 10:21:02.957,-34.592974,-58.484799
422,423,2019-09-26 10:21:02.997,-34.592974,-58.484799
423,424,2019-09-26 10:21:03.037,-34.592974,-58.484799
424,425,2019-09-26 10:21:03.077,-34.592973,-58.4848
425,426,2019-09-26 10:21:03.117,-34.592973,-58.4848
426,427,2019-09-26 10:21:03.157,-34.592972,-58.484799
427,428,2019-09-26 10:21:03.197,-34.592972,-58.484799
428,429,2019-09-26 10:21:03.237,-34.592971,-58.484799
429,430,2019-09-26 10:21:03.277,-34.592971,-58.484799
430,431,2019-09-26 10:21:03.317,-34.592971,-58.484799
431,432,2019-09-26 10:21:03.357,-34.59297,-58.4848
432,433,2019-09-26 10:21:03.397,-34.59297,-58.4848
433,434,2019-09-26 10:21:03.437,-34.592969,-58.4848
434,435,2019-09-26 10:21:03.477,-34.592969,-58.4848
435,436,2019-09-26 10:21:03.517,-34.592969,-58.4848
436,437,2019-09-26 10:21:03.557,-34.592968,-58.4848
437,438,2019-09-26 10:21:03.597,-34.592968,-58.4848
438,439,2019-09-26 10:21:03.637,-34.592968,-58.4848
439,440,2019-09-26 10:21:03.677,-34.592968,-58.4848
440,441,2019-09-26 10:21:03.717,-34.592968,-58.4848
441,442,2019-09-26 10:21:03.757,-34.592966,-58.484799
442,443,2019-09-26 10:21:03.797,-34.592966,-58.484799
443,444,2019-09-26 10:21:03.837,-34.592966,-58.484799
444,445,2019-09-26 10:21:03.877,-34.592966,-58.484799
445,446,2019-09-26 10:21:03.917,-34.592966,-58.484799
446,447,2019-09-26 10:21:03.957,-34.592965,-58.4848
447,448,2019-09-26 10:21:03.997,-34.592965,-58.4848
448,449,2019-09-26 10:21:04.037,-34.592964,-58.4848
449,450,2019-09-26 10:21:04.077,-34.592964,-58.4848
450,451,2019-09-26 10:21:04.117,-34.592964,-58.4848
451,452,2019-09-26 10:21:04.157,-34.592963,-58.4848
452,453,2019-09-26 10:21:04.197,-34.592963,-58.4848
453,454,2019-09-26 10:21:04.237,-34.592962,-58.4848
454,455,2019-09-26 10:21:04.277,-34.592962,-58.4848
455,456,2019-09-26 10:21:04.317,-34.592962,-58.4848
456,457,2019-09-26 10:21:04.357,-34.592961,-58.4848
457,458,2019-09-26 10:21:04.397,-34.592961,-58.4848
458,459,2019-09-26 10:21:04.437,-34.59296,-58.4848
459,460,2019-09-26 10:21:04.477,-34.59296,-58.4848
460,461,2019-09-26 10:21:04.517,-34.59296,-58.4848
461,462,2019-09-26 10:21:04.557,-34.592959,-58.4848
462,463,2019-09-26 10:21:04.597,-34.592959,-58.4848
463,464,2019-09-26 10:21:04.637,-34.592958,-58.4848
464,465,2019-09-26 10:21:04.677,-34.592958,-58.4848
465,466,2019-09-26 10:21:04.717,-34.592958,-58.4848
466,467,2019-09-26 10:21:04.757,-34.592957,-58.4848
467,468,2019-09-26 10:21:04.797,-34.592957,-58.4848
468,469,2019-09-26 10:21:04.837,-34.592957,-58.4848
469,470,2019-09-26 10:21:04.877,-34.592956,-58.4848
470,471,2019-09-26 10:21:04.917,-34.592956,-58.4848
471,472,2019-09-26 10:21:04.957,-34.592955,-58.4848
472,473,2019-09-26 10:21:04.997,-34.592955,-58.4848
473,474,2019-09-26 10:21:05.037,-34.592954,-58.4848
474,475,2019-09-26 10:21:05.077,-34.592954,-58.4848
475,476,2019-09-26 10:21:05.117,-34.592954,-58.4848
476,477,2019-09-26 10:21:05.157,-34.592954,-58.4848
477,478,2019-09-26 10:21:05.197,-34.592954,-58.4848
478,479,2019-09-26 10:21:05.237,-34.592954,-58.4848
479,480,2019-09-26 10:21:05.277,-34.592953,-58.4848
480,481,2019-09-26 10:21:05.317,-34.592953,-58.4848
481,482,2019-09-26 10:21:05.357,-34.592952,-58.4848
482,483,2019-09-26 10:21:05.397,-34.592952,-58.4848
483,484,2019-09-26 10:21:05.437,-34.592952,-58.4848
484,485,2019-09-26 10:21:05.477,-34.592951,-58.4848
485,486,2019-09-26 10:21:05.517,-34.592951,-58.4848
486,487,2019-09-26 10:21:05.557,-34.59295,-58.4848
487,488,2019-09-26 10:21:05.597,-34.59295,-58.4848
488,489,2019-09-26 10:21:05.637,-34.59295,-58.4848
489,490,2019-09-26 10:21:05.677,-34.592949,-58.4848
490,491,2019-09-26 10:21:05.717,-34.592949,-58.4848
491,492,2019-09-26 10:21:05.757,-34.592948,-58.4848
492,493,2019-09-26 10:21:05.797,-34.592948,-58.4848
493,494,2019-09-26 10:21:05.837,-34.592947,-58.4848
494,495,2019-09-26 10:21:05.877,-34.592947,-58.4848
495,496,2019-09-26 10:21:05.917,-34.592947,-58.4848
496,497,2019-09-26 10:21:05.957,-34.592946,-58.4848
497,498,2019-09-26 10:21:05.997,-34.592946,-58.4848
498,499,2019-09-26 10:21:06.037,-34.592945,-58.4848
499,500,2019-09-26 10:21:06.077,-34.592945,-58.4848
500,501,2019-09-26 10:21:06.117,-34.592945,-58.4848
501,502,2019-09-26 10:21:06.157,-34.592944,-58.4848
502,503,2019-09-26 10:21:06.197,-34.592944,-58.4848
503,504,2019-09-26 10:21:06.237,-34.592943,-58.4848
504,505,2019-09-26 10:21:06.277,-34.592943,-58.4848
505,506,2019-09-26 10:21:06.317,-34.592943,-58.4848
506,507,2019-09-26 10:21:06.357,-34.592943,-58.4848
507,508,2019-09-26 10:21:06.397,-34.592943,-58.4848
508,509,2019-09-26 10:21:06.437,-34.592943,-58.4848
509,510,2019-09-26 10:21:06.477,-34.592942,-58.484801
510,511,2019-09-26 10:21:06.517,-34.592942,-58.484801
511,512,2019-09-26 10:21:06.557,-34.592941,-58.484801
512,513,2019-09-26 10:21:06.597,-34.592941,-58.484801
513,514,2019-09-26 10:21:06.637,-34.59294,-58.484801
514,515,2019-09-26 10:21:06.677,-34.59294,-58.484801
515,516,2019-09-26 10:21:06.717,-34.59294,-58.484801
516,517,2019-09-26 10:21:06.757,-34.592939,-58.484801
517,518,2019-09-26 10:21:06.797,-34.592939,-58.484801
518,519,2019-09-26 10:21:06.837,-34.592939,-58.484801
519,520,2019-09-26 10:21:06.877,-34.592938,-58.484801
520,521,2019-09-26 10:21:06.917,-34.592938,-58.484801
521,522,2019-09-26 10:21:06.957,-34.592937,-58.484801
522,523,2019-09-26 10:21:06.997,-34.592937,-58.484801
523,524,2019-09-26 10:21:07.037,-34.592937,-58.484801
524,525,2019-09-26 10:21:07.077,-34.592936,-58.484801
525,526,2019-09-26 10:21:07.117,-34.592936,-58.484801
526,527,2019-09-26 10:21:07.157,-34.592935,-58.484801
527,528,2019-09-26 10:21:07.197,-34.592935,-58.484801
528,529,2019-09-26 10:21:07.237,-34.592935,-58.484801
529,530,2019-09-26 10:21:07.277,-34.592934,-58.484801
530,531,2019-09-26 10:21:07.317,-34.592934,-58.484801
531,532,2019-09-26 10:21:07.357,-34.592933,-58.484801
532,533,2019-09-26 10:21:07.397,-34.592933,-58.484801
533,534,2019-09-26 10:21:07.437,-34.592933,-58.484801
534,535,2019-09-26 10:21:07.477,-34.592932,-58.484801
535,536,2019-09-26 10:21:07.517,-34.592932,-58.484801
536,537,2019-09-26 10:21:07.557,-34.592932,-58.484801
537,538,2019-09-26 10:21:07.597,-34.592932,-58.484801
538,539,2019-09-26 10:21:07.637,-34.592932,-58.484801
539,540,2019-09-26 10:21:07.677,-34.592931,-58.484801
540,541,2019-09-26 10:21:07.717,-34.592931,-58.484801
541,542,2019-09-26 10:21:07.757,-34.59293,-58.484801
542,543,2019-09-26 10:21:07.797,-34.59293,-58.484801
543,544,2019-09-26 10:21:07.837,-34.592929,-58.484801
544,545,2019-09-26 10:21:07.877,-34.592929,-58.484801
545,546,2019-09-26 10:21:07.917,-34.592929,-58.484801
546,547,2019-09-26 10:21:07.957,-34.592928,-58.484801
547,548,2019-09-26 10:21:07.997,-34.592928,-58.484801
548,549,2019-09-26 10:21:08.037,-34.592927,-58.484801
549,550,2019-09-26 10:21:08.077,-34.592927,-58.484801
550,551,2019-09-26 10:21:08.117,-34.592927,-58.484801
551,552,2019-09-26 10:21:08.157,-34.592926,-58.484801
552,553,2019-09-26 10:21:08.197,-34.592926,-58.484801
553,554,2019-09-26 10:21:08.237,-34.592925,-58.484801
554,555,2019-09-26 10:21:08.277,-34.592925,-58.484801
555,556,2019-09-26 10:21:08.317,-34.592925,-58.484801
556,557,2019-09-26 10:21:08.357,-34.592924,-58.484801
557,558,2019-09-26 10:21:08.397,-34.592924,-58.484801
558,559,2019-09-26 10:21:08.437,-34.592924,-58.484801
559,560,2019-09-26 10:21:08.477,-34.592923,-58.484801
560,561,2019-09-26 10:21:08.517,-34.592923,-58.484801
561,562,2019-09-26 10:21:08.557,-34.592922,-58.484801
562,563,2019-09-26 10:21:08.597,-34.592922,-58.484801
563,564,2019-09-26 10:21:08.637,-34.592922,-58.484801
564,565,2019-09-26 10:21:08.677,-34.592921,-58.484801
565,566,2019-09-26 10:21:08.717,-34.592921,-58.484801
566,567,2019-09-26 10:21:08.757,-34.59292,-58.484801
567,568,2019-09-26 10:21:08.797,-34.59292,-58.484801
568,569,2019-09-26 10:21:08.837,-34.59292,-58.484801
569,570,2019-09-26 10:21:08.877,-34.592919,-58.484801
570,571,2019-09-26 10:21:08.917,-34.592919,-58.484801
571,572,2019-09-26 10:21:08.957,-34.592918,-58.484801
572,573,2019-09-26 10:21:08.997,-34.592918,-58.484801
573,574,2019-09-26 10:21:09.037,-34.592918,-58.484801
574,575,2019-09-26 10:21:09.077,-34.592917,-58.484801
575,576,2019-09-26 10:21:09.117,-34.592917,-58.484801
576,577,2019-09-26 10:21:09.157,-34.592916,-58.484801
577,578,2019-09-26 10:21:09.197,-34.592916,-58.484801
578,579,2019-09-26 10:21:09.237,-34.592915,-58.484801
579,580,2019-09-26 10:21:09.277,-34.592915,-58.484801
580,581,2019-09-26 10:21:09.317,-34.592915,-58.484801
581,582,2019-09-26 10:21:09.357,-34.592914,-58.484801
582,583,2019-09-26 10:21:09.397,-34.592914,-58.484801
583,584,2019-09-26 10:21:09.437,-34.592914,-58.484801
584,585,2019-09-26 10:21:09.477,-34.592914,-58.484801
585,586,2019-09-26 10:21:09.517,-34.592914,-58.484801
586,587,2019-09-26 10:21:09.557,-34.592913,-58.484802
587,588,2019-09-26 10:21:09.597,-34.592913,-58.484802
588,589,2019-09-26 10:21:09.637,-34.592913,-58.484802
589,590,2019-09-26 10:21:09.677,-34.592912,-58.484802
590,591,2019-09-26 10:21:09.717,-34.592912,-58.484802
591,592,2019-09-26 10:21:09.757,-34.592911,-58.484802
592,593,2019-09-26 10:21:09.797,-34.592911,-58.484802
593,594,2019-09-26 10:21:09.837,-34.59291,-58.484802
594,595,2019-09-26 10:21:09.877,-34.59291,-58.484802
595,596,2019-09-26 10:21:09.917,-34.59291,-58.484802
596,597,2019-09-26 10:21:09.957,-34.592909,-58.484802
597,598,2019-09-26 10:21:09.997,-34.592909,-58.484802
598,599,2019-09-26 10:21:10.037,-34.592908,-58.484802
599,600,2019-09-26 10:21:10.077,-34.592908,-58.484802
600,601,2019-09-26 10:21:10.117,-34.592908,-58.484802
601,602,2019-09-26 10:21:10.157,-34.592907,-58.484802
602,603,2019-09-26 10:21:10.197,-34.592907,-58.484802
603,604,2019-09-26 10:21:10.237,-34.592907,-58.484802
604,605,2019-09-26 10:21:10.277,-34.592906,-58.484802
605,606,2019-09-26 10:21:10.317,-34.592906,-58.484802
606,607,2019-09-26 10:21:10.357,-34.592905,-58.484802
607,608,2019-09-26 10:21:10.397,-34.592905,-58.484802
608,609,2019-09-26 10:21:10.437,-34.592905,-58.484802
609,610,2019-09-26 10:21:10.477,-34.592904,-58.484802
610,611,2019-09-26 10:21:10.517,-34.592904,-58.484802
611,612,2019-09-26 10:21:10.557,-34.592903,-58.484802
612,613,2019-09-26 10:21:10.597,-34.592903,-58.484802
613,614,2019-09-26 10:21:10.637,-34.592903,-58.484802
614,615,2019-09-26 10:21:10.677,-34.592902,-58.484802
615,616,2019-09-26 10:21:10.717,-34.592902,-58.484802
616,617,2019-09-26 10:21:10.757,-34.592901,-58.484802
617,618,2019-09-26 10:21:10.797,-34.592901,-58.484802
618,619,2019-09-26 10:21:10.837,-34.592901,-58.484802
619,620,2019-09-26 10:21:10.877,-34.5929,-58.484802
620,621,2019-09-26 10:21:10.917,-34.5929,-58.484802
621,622,2019-09-26 10:21:10.957,-34.592899,-58.484803
622,623,2019-09-26 10:21:10.997,-34.592899,-58.484803
623,624,2019-09-26 10:21:11.037,-34.592899,-58.484803
624,625,2019-09-26 10:21:11.077,-34.592898,-58.484803
625,626,2019-09-26 10:21:11.117,-34.592898,-58.484803
626,627,2019-09-26 10:21:11.157,-34.592897,-58.484803
627,628,2019-09-26 10:21:11.197,-34.592897,-58.484803
628,629,2019-09-26 10:21:11.237,-34.592896,-58.484803
629,630,2019-09-26 10:21:11.277,-34.592896,-58.484803
630,631,2019-09-26 10:21:11.317,-34.592896,-58.484803
631,632,2019-09-26 10:21:11.357,-34.592895,-58.484802
632,633,2019-09-26 10:21:11.397,-34.592895,-58.484802
633,634,2019-09-26 10:21:11.437,-34.592894,-58.484802
634,635,2019-09-26 10:21:11.477,-34.592894,-58.484802
635,636,2019-09-26 10:21:11.517,-34.592894,-58.484802
636,637,2019-09-26 10:21:11.557,-34.592893,-58.484803
637,638,2019-09-26 10:21:11.597,-34.592893,-58.484803
638,639,2019-09-26 10:21:11.637,-34.592893,-58.484803
639,640,2019-09-26 10:21:11.677,-34.592892,-58.484803
640,641,2019-09-26 10:21:11.717,-34.592892,-58.484803
641,642,2019-09-26 10:21:11.757,-34.592892,-58.484803
642,643,2019-09-26 10:21:11.797,-34.592892,-58.484803
643,644,2019-09-26 10:21:11.837,-34.592892,-58.484803
644,645,2019-09-26 10:21:11.877,-34.592891,-58.484803
645,646,2019-09-26 10:21:11.917,-34.592891,-58.484803
646,647,2019-09-26 10:21:11.957,-34.59289,-58.484803
647,648,2019-09-26 10:21:11.997,-34.59289,-58.484803
648,649,2019-09-26 10:21:12.037,-34.59289,-58.484803
649,650,2019-09-26 10:21:12.077,-34.592889,-58.484803
650,651,2019-09-26 10:21:12.117,-34.592889,-58.484803
651,652,2019-09-26 10:21:12.157,-34.592888,-58.484803
652,653,2019-09-26 10:21:12.197,-34.592888,-58.484803
653,654,2019-09-26 10:21:12.237,-34.592888,-58.484803
654,655,2019-09-26 10:21:12.277,-34.592887,-58.484803
655,656,2019-09-26 10:21:12.317,-34.592887,-58.484803
656,657,2019-09-26 10:21:12.357,-34.592886,-58.484804
657,658,2019-09-26 10:21:12.397,-34.592886,-58.484804
658,659,2019-09-26 10:21:12.437,-34.592885,-58.484804
659,660,2019-09-26 10:21:12.477,-34.592885,-58.484804
660,661,2019-09-26 10:21:12.517,-34.592885,-58.484804
661,662,2019-09-26 10:21:12.557,-34.592884,-58.484804
662,663,2019-09-26 10:21:12.597,-34.592884,-58.484804
663,664,2019-09-26 10:21:12.637,-34.592883,-58.484804
664,665,2019-09-26 10:21:12.677,-34.592883,-58.484804
665,666,2019-09-26 10:21:12.717,-34.592883,-58.484804
666,667,2019-09-26 10:21:12.757,-34.592882,-58.484804
667,668,2019-09-26 10:21:12.797,-34.592882,-58.484804
668,669,2019-09-26 10:21:12.837,-34.592881,-58.484804
669,670,2019-09-26 10:21:12.877,-34.592881,-58.484804
670,671,2019-09-26 10:21:12.917,-34.592881,-58.484804
671,672,2019-09-26 10:21:12.957,-34.59288,-58.484804
672,673,2019-09-26 10:21:12.997,-34.59288,-58.484804
673,674,2019-09-26 10:21:13.037,-34.59288,-58.484804
674,675,2019-09-26 10:21:13.077,-34.592879,-58.484804
675,676,2019-09-26 10:21:13.117,-34.592879,-58.484804
676,677,2019-09-26 10:21:13.157,-34.592878,-58.484804
677,678,2019-09-26 10:21:13.197,-34.592878,-58.484804
678,679,2019-09-26 10:21:13.237,-34.592877,-58.484804
679,680,2019-09-26 10:21:13.277,-34.592877,-58.484804
680,681,2019-09-26 10:21:13.317,-34.592877,-58.484804
681,682,2019-09-26 10:21:13.357,-34.592876,-58.484804
682,683,2019-09-26 10:21:13.397,-34.592876,-58.484804
683,684,2019-09-26 10:21:13.437,-34.592876,-58.484805
684,685,2019-09-26 10:21:13.477,-34.592876,-58.484805
685,686,2019-09-26 10:21:13.517,-34.592876,-58.484805
686,687,2019-09-26 10:21:13.557,-34.592874,-58.484805
687,688,2019-09-26 10:21:13.597,-34.592874,-58.484805
688,689,2019-09-26 10:21:13.637,-34.592874,-58.484805
689,690,2019-09-26 10:21:13.677,-34.592874,-58.484805
690,691,2019-09-26 10:21:13.717,-34.592874,-58.484805
691,692,2019-09-26 10:21:13.757,-34.592873,-58.484805
692,693,2019-09-26 10:21:13.797,-34.592873,-58.484805
693,694,2019-09-26 10:21:13.837,-34.592872,-58.484805
694,695,2019-09-26 10:21:13.877,-34.592872,-58.484805
695,696,2019-09-26 10:21:13.917,-34.592872,-58.484805
696,697,2019-09-26 10:21:13.957,-34.592871,-58.484805
697,698,2019-09-26 10:21:13.997,-34.592871,-58.484805
698,699,2019-09-26 10:21:14.037,-34.592871,-58.484805
699,700,2019-09-26 10:21:14.077,-34.59287,-58.484805
700,701,2019-09-26 10:21:14.117,-34.59287,-58.484805
701,702,2019-09-26 10:21:14.157,-34.592869,-58.484805
702,703,2019-09-26 10:21:14.197,-34.592869,-58.484805
703,704,2019-09-26 10:21:14.237,-34.592868,-58.484805
704,705,2019-09-26 10:21:14.277,-34.592868,-58.484805
705,706,2019-09-26 10:21:14.317,-34.592868,-58.484805
706,707,2019-09-26 10:21:14.357,-34.592867,-58.484806
707,708,2019-09-26 10:21:14.397,-34.592867,-58.484806
708,709,2019-09-26 10:21:14.437,-34.592867,-58.484806
709,710,2019-09-26 10:21:14.477,-34.592866,-58.484806
710,711,2019-09-26 10:21:14.517,-34.592866,-58.484806
711,712,2019-09-26 10:21:14.557,-34.592865,-58.484806
712,713,2019-09-26 10:21:14.597,-34.592865,-58.484806
713,714,2019-09-26 10:21:14.637,-34.592864,-58.484806
714,715,2019-09-26 10:21:14.677,-34.592864,-58.484806
715,716,2019-09-26 10:21:14.717,-34.592864,-58.484806
716,717,2019-09-26 10:21:14.757,-34.592863,-58.484806
717,718,2019-09-26 10:21:14.797,-34.592863,-58.484806
718,719,2019-09-26 10:21:14.837,-34.592862,-58.484806
719,720,2019-09-26 10:21:14.877,-34.592862,-58.484806
720,721,2019-09-26 10:21:14.917,-34.592862,-58.484806
721,722,2019-09-26 10:21:14.957,-34.592862,-58.484806
722,723,2019-09-26 10:21:14.997,-34.592862,-58.484806
723,724,2019-09-26 10:21:15.037,-34.592861,-58.484806
724,725,2019-09-26 10:21:15.077,-34.592861,-58.484806
725,726,2019-09-26 10:21:15.117,-34.592861,-58.484806
726,727,2019-09-26 10:21:15.157,-34.592859,-58.484806
727,728,2019-09-26 10:21:15.197,-34.592859,-58.484806
728,729,2019-09-26 10:21:15.237,-34.592858,-58.484806
729,730,2019-09-26 10:21:15.277,-34.592858,-58.484806
730,731,2019-09-26 10:21:15.317,-34.592858,-58.484806
731,732,2019-09-26 10:21:15.357,-34.592858,-58.484806
732,733,2019-09-26 10:21:15.397,-34.592858,-58.484806
733,734,2019-09-26 10:21:15.437,-34.592857,-58.484806
734,735,2019-09-26 10:21:15.477,-34.592857,-58.484806
735,736,2019-09-26 10:21:15.517,-34.592857,-58.484806
736,737,2019-09-26 10:21:15.557,-34.592856,-58.484806
737,738,2019-09-26 10:21:15.597,-34.592856,-58.484806
738,739,2019-09-26 10:21:15.637,-34.592855,-58.484806
739,740,2019-09-26 10:21:15.677,-34.592855,-58.484806
740,741,2019-09-26 10:21:15.717,-34.592855,-58.484806
741,742,2019-09-26 10:21:15.757,-34.592854,-58.484806
742,743,2019-09-26 10:21:15.797,-34.592854,-58.484806
743,744,2019-09-26 10:21:15.837,-34.592853,-58.484806
744,745,2019-09-26 10:21:15.877,-34.592853,-58.484806
745,746,2019-09-26 10:21:15.917,-34.592853,-58.484806
746,747,2019-09-26 10:21:15.957,-34.592852,-58.484806
747,748,2019-09-26 10:21:15.997,-34.592852,-58.484806
748,749,2019-09-26 10:21:16.037,-34.592851,-58.484806
749,750,2019-09-26 10:21:16.077,-34.592851,-58.484806
750,751,2019-09-26 10:21:16.117,-34.592851,-58.484806
751,752,2019-09-26 10:21:16.157,-34.592851,-58.484806
752,753,2019-09-26 10:21:16.197,-34.592851,-58.484806
753,754,2019-09-26 10:21:16.237,-34.59285,-58.484806
754,755,2019-09-26 10:21:16.277,-34.59285,-58.484806
755,756,2019-09-26 10:21:16.317,-34.59285,-58.484806
756,757,2019-09-26 10:21:16.357,-34.59285,-58.484806
757,758,2019-09-26 10:21:16.397,-34.59285,-58.484806
758,759,2019-09-26 10:21:16.437,-34.59285,-58.484806
759,760,2019-09-26 10:21:16.477,-34.59285,-58.484806
760,761,2019-09-26 10:21:16.517,-34.59285,-58.484806
761,762,2019-09-26 10:21:16.557,-34.592849,-58.484806
762,763,2019-09-26 10:21:16.597,-34.592849,-58.484806
763,764,2019-09-26 10:21:16.637,-34.592849,-58.484806
764,765,2019-09-26 10:21:16.677,-34.592849,-58.484806
765,766,2019-09-26 10:21:16.717,-34.592849,-58.484806
766,767,2019-09-26 10:21:16.757,-34.592849,-58.484806
767,768,2019-09-26 10:21:16.797,-34.592849,-58.484806
768,769,2019-09-26 10:21:16.837,-34.592849,-58.484806
769,770,2019-09-26 10:21:16.877,-34.592849,-58.484806
770,771,2019-09-26 10:21:16.917,-34.592849,-58.484806
771,772,2019-09-26 10:21:16.957,-34.592849,-58.484806
772,773,2019-09-26 10:21:16.997,-34.592849,-58.484806
773,774,2019-09-26 10:21:17.037,-34.592849,-58.484806
774,775,2019-09-26 10:21:17.077,-34.592849,-58.484806
775,776,2019-09-26 10:21:17.117,-34.592849,-58.484806
776,777,2019-09-26 10:21:17.157,-34.592849,-58.484806
777,778,2019-09-26 10:21:17.197,-34.592849,-58.484806
778,779,2019-09-26 10:21:17.237,-34.592849,-58.484806
779,780,2019-09-26 10:21:17.277,-34.592849,-58.484806
780,781,2019-09-26 10:21:17.317,-34.592849,-58.484806
781,782,2019-09-26 10:21:17.357,-34.592849,-58.484806
782,783,2019-09-26 10:21:17.397,-34.592849,-58.484806
783,784,2019-09-26 10:21:17.437,-34.592849,-58.484806
784,785,2019-09-26 10:21:17.477,-34.592849,-58.484806
785,786,2019-09-26 10:21:17.517,-34.592849,-58.484806
786,787,2019-09-26 10:21:17.557,-34.592849,-58.484806
787,788,2019-09-26 10:21:17.597,-34.592849,-58.484806
788,789,2019-09-26 10:21:17.637,-34.592849,-58.484806
789,790,2019-09-26 10:21:17.677,-34.592849,-58.484806
790,791,2019-09-26 10:21:17.717,-34.592849,-58.484806
791,792,2019-09-26 10:21:17.757,-34.592849,-58.484806
792,793,2019-09-26 10:21:17.797,-34.592849,-58.484806
793,794,2019-09-26 10:21:17.837,-34.592849,-58.484806
794,795,2019-09-26 10:21:17.877,-34.592849,-58.484806
795,796,2019-09-26 10:21:17.917,-34.592849,-58.484806
796,797,2019-09-26 10:21:17.957,-34.592849,-58.484806
797,798,2019-09-26 10:21:17.997,-34.592849,-58.484806
798,799,2019-09-26 10:21:18.037,-34.592849,-58.484806
799,800,2019-09-26 10:21:18.077,-34.592849,-58.484806
800,801,2019-09-26 10:21:18.117,-34.592849,-58.484806
801,802,2019-09-26 10:21:18.157,-34.592849,-58.484806
802,803,2019-09-26 10:21:18.197,-34.592849,-58.484806
803,804,2019-09-26 10:21:18.237,-34.592849,-58.484806
804,805,2019-09-26 10:21:18.277,-34.592849,-58.484806
805,806,2019-09-26 10:21:18.317,-34.592849,-58.484806
806,807,2019-09-26 10:21:18.357,-34.592849,-58.484806
807,808,2019-09-26 10:21:18.397,-34.592849,-58.484806
808,809,2019-09-26 10:21:18.437,-34.592849,-58.484806
809,810,2019-09-26 10:21:18.477,-34.592849,-58.484806
810,811,2019-09-26 10:21:18.517,-34.592849,-58.484806
811,812,2019-09-26 10:21:18.557,-34.592849,-58.484806
812,813,2019-09-26 10:21:18.597,-34.592849,-58.484806
813,814,2019-09-26 10:21:18.637,-34.592849,-58.484806
814,815,2019-09-26 10:21:18.677,-34.592849,-58.484806
815,816,2019-09-26 10:21:18.717,-34.592849,-58.484806
816,817,2019-09-26 10:21:18.757,-34.592849,-58.484806
817,818,2019-09-26 10:21:18.797,-34.592849,-58.484806
818,819,2019-09-26 10:21:18.837,-34.592849,-58.484806
819,820,2019-09-26 10:21:18.877,-34.592849,-58.484806
820,821,2019-09-26 10:21:18.917,-34.592849,-58.484806
821,822,2019-09-26 10:21:18.957,-34.592849,-58.484806
822,823,2019-09-26 10:21:18.997,-34.592849,-58.484806
823,824,2019-09-26 10:21:19.037,-34.592849,-58.484806
824,825,2019-09-26 10:21:19.077,-34.59285,-58.484806
825,826,2019-09-26 10:21:19.117,-34.59285,-58.484806
826,827,2019-09-26 10:21:19.157,-34.59285,-58.484806
827,828,2019-09-26 10:21:19.197,-34.59285,-58.484806
828,829,2019-09-26 10:21:19.237,-34.59285,-58.484806
829,830,2019-09-26 10:21:19.277,-34.592851,-58.484806
830,831,2019-09-26 10:21:19.317,-34.592851,-58.484806
831,832,2019-09-26 10:21:19.357,-34.592851,-58.484806
832,833,2019-09-26 10:21:19.397,-34.592851,-58.484806
833,834,2019-09-26 10:21:19.437,-34.592851,-58.484806
834,835,2019-09-26 10:21:19.477,-34.592851,-58.484806
835,836,2019-09-26 10:21:19.517,-34.592851,-58.484806
836,837,2019-09-26 10:21:19.557,-34.592852,-58.484806
837,838,2019-09-26 10:21:19.597,-34.592852,-58.484806
838,839,2019-09-26 10:21:19.637,-34.592852,-58.484806
839,840,2019-09-26 10:21:19.677,-34.592852,-58.484806
840,841,2019-09-26 10:21:19.717,-34.592852,-58.484806
841,842,2019-09-26 10:21:19.757,-34.592853,-58.484806
842,843,2019-09-26 10:21:19.797,-34.592853,-58.484806
843,844,2019-09-26 10:21:19.837,-34.592853,-58.484806
844,845,2019-09-26 10:21:19.877,-34.592854,-58.484806
845,846,2019-09-26 10:21:19.917,-34.592854,-58.484806
846,847,2019-09-26 10:21:19.957,-34.592855,-58.484805
847,848,2019-09-26 10:21:19.997,-34.592855,-58.484805
848,849,2019-09-26 10:21:20.037,-34.592855,-58.484805
849,850,2019-09-26 10:21:20.077,-34.592857,-58.484805
850,851,2019-09-26 10:21:20.117,-34.592857,-58.484805
851,852,2019-09-26 10:21:20.157,-34.592859,-58.484805
852,853,2019-09-26 10:21:20.197,-34.592859,-58.484805
853,854,2019-09-26 10:21:20.237,-34.592861,-58.484805
854,855,2019-09-26 10:21:20.277,-34.592861,-58.484805
855,856,2019-09-26 10:21:20.317,-34.592861,-58.484805
856,857,2019-09-26 10:21:20.357,-34.592863,-58.484805
857,858,2019-09-26 10:21:20.397,-34.592863,-58.484805
858,859,2019-09-26 10:21:20.437,-34.592866,-58.484805
859,860,2019-09-26 10:21:20.477,-34.592866,-58.484805
860,861,2019-09-26 10:21:20.517,-34.592866,-58.484805
861,862,2019-09-26 10:21:20.557,-34.59287,-58.484805
862,863,2019-09-26 10:21:20.597,-34.59287,-58.484805
863,864,2019-09-26 10:21:20.637,-34.592873,-58.484804
864,865,2019-09-26 10:21:20.677,-34.592873,-58.484804
865,866,2019-09-26 10:21:20.717,-34.592873,-58.484804
866,867,2019-09-26 10:21:20.757,-34.592877,-58.484804
867,868,2019-09-26 10:21:20.797,-34.592877,-58.484804
868,869,2019-09-26 10:21:20.837,-34.592877,-58.484804
869,870,2019-09-26 10:21:20.877,-34.592882,-58.484804
870,871,2019-09-26 10:21:20.917,-34.592882,-58.484804
871,872,2019-09-26 10:21:20.957,-34.592886,-58.484804
872,873,2019-09-26 10:21:20.997,-34.592886,-58.484804
873,874,2019-09-26 10:21:21.037,-34.592886,-58.484804
874,875,2019-09-26 10:21:21.077,-34.592891,-58.484804
875,876,2019-09-26 10:21:21.117,-34.592891,-58.484804
876,877,2019-09-26 10:21:21.157,-34.592896,-58.484804
877,878,2019-09-26 10:21:21.197,-34.592896,-58.484804
878,879,2019-09-26 10:21:21.237,-34.592896,-58.484804
879,880,2019-09-26 10:21:21.277,-34.592902,-58.484804
880,881,2019-09-26 10:21:21.317,-34.592902,-58.484804
881,882,2019-09-26 10:21:21.357,-34.592907,-58.484804
882,883,2019-09-26 10:21:21.397,-34.592907,-58.484804
883,884,2019-09-26 10:21:21.437,-34.592913,-58.484804
884,885,2019-09-26 10:21:21.477,-34.592913,-58.484804
885,886,2019-09-26 10:21:21.517,-34.592913,-58.484804
886,887,2019-09-26 10:21:21.557,-34.59292,-58.484804
887,888,2019-09-26 10:21:21.597,-34.59292,-58.484804
888,889,2019-09-26 10:21:21.637,-34.59292,-58.484804
889,890,2019-09-26 10:21:21.677,-34.592926,-58.484804
890,891,2019-09-26 10:21:21.717,-34.592926,-58.484804
891,892,2019-09-26 10:21:21.757,-34.592933,-58.484804
892,893,2019-09-26 10:21:21.797,-34.592933,-58.484804
893,894,2019-09-26 10:21:21.837,-34.592939,-58.484804
894,895,2019-09-26 10:21:21.877,-34.592939,-58.484804
895,896,2019-09-26 10:21:21.917,-34.592939,-58.484804
896,897,2019-09-26 10:21:21.957,-34.592946,-58.484803
897,898,2019-09-26 10:21:21.997,-34.592946,-58.484803
898,899,2019-09-26 10:21:22.037,-34.592946,-58.484803
899,900,2019-09-26 10:21:22.077,-34.592954,-58.484803
900,901,2019-09-26 10:21:22.117,-34.592954,-58.484803
901,902,2019-09-26 10:21:22.157,-34.592961,-58.484803
902,903,2019-09-26 10:21:22.197,-34.592961,-58.484803
903,904,2019-09-26 10:21:22.237,-34.592967,-58.484803
904,905,2019-09-26 10:21:22.277,-34.592967,-58.484803
905,906,2019-09-26 10:21:22.317,-34.592967,-58.484803
906,907,2019-09-26 10:21:22.357,-34.592974,-58.484803
907,908,2019-09-26 10:21:22.397,-34.592974,-58.484803
908,909,2019-09-26 10:21:22.437,-34.592974,-58.484803
909,910,2019-09-26 10:21:22.477,-34.592979,-58.484803
910,911,2019-09-26 10:21:22.517,-34.592979,-58.484803
911,912,2019-09-26 10:21:22.557,-34.592985,-58.484803
912,913,2019-09-26 10:21:22.597,-34.592985,-58.484803
913,914,2019-09-26 10:21:22.637,-34.592985,-58.484803
914,915,2019-09-26 10:21:22.677,-34.59299,-58.484803
915,916,2019-09-26 10:21:22.717,-34.59299,-58.484803
916,917,2019-09-26 10:21:22.757,-34.592995,-58.484803
917,918,2019-09-26 10:21:22.797,-34.592995,-58.484803
918,919,2019-09-26 10:21:22.837,-34.592995,-58.484803
919,920,2019-09-26 10:21:22.877,-34.592999,-58.484803
920,921,2019-09-26 10:21:22.917,-34.592999,-58.484803
921,922,2019-09-26 10:21:22.957,-34.593003,-58.484803
922,923,2019-09-26 10:21:22.997,-34.593003,-58.484803
923,924,2019-09-26 10:21:23.037,-34.593003,-58.484803
924,925,2019-09-26 10:21:23.077,-34.593007,-58.484803
925,926,2019-09-26 10:21:23.117,-34.593007,-58.484803
926,927,2019-09-26 10:21:23.157,-34.59301,-58.484802
927,928,2019-09-26 10:21:23.197,-34.59301,-58.484802
928,929,2019-09-26 10:21:23.237,-34.59301,-58.484802
929,930,2019-09-26 10:21:23.277,-34.593013,-58.484802
930,931,2019-09-26 10:21:23.317,-34.593013,-58.484802
931,932,2019-09-26 10:21:23.357,-34.593016,-58.484802
932,933,2019-09-26 10:21:23.397,-34.593016,-58.484802
933,934,2019-09-26 10:21:23.437,-34.59302,-58.484802
934,935,2019-09-26 10:21:23.477,-34.59302,-58.484802
935,936,2019-09-26 10:21:23.517,-34.59302,-58.484802
936,937,2019-09-26 10:21:23.557,-34.593023,-58.484801
937,938,2019-09-26 10:21:23.597,-34.593023,-58.484801
938,939,2019-09-26 10:21:23.637,-34.593026,-58.484801
939,940,2019-09-26 10:21:23.677,-34.593026,-58.484801
940,941,2019-09-26 10:21:23.717,-34.593026,-58.484801
941,942,2019-09-26 10:21:23.757,-34.59303,-58.484801
942,943,2019-09-26 10:21:23.797,-34.59303,-58.484801
943,944,2019-09-26 10:21:23.837,-34.59303,-58.484801
944,945,2019-09-26 10:21:23.877,-34.593034,-58.484801
945,946,2019-09-26 10:21:23.917,-34.593034,-58.484801
946,947,2019-09-26 10:21:23.957,-34.593038,-58.484801
947,948,2019-09-26 10:21:23.997,-34.593038,-58.484801
948,949,2019-09-26 10:21:24.037,-34.593042,-58.484801
949,950,2019-09-26 10:21:24.077,-34.593042,-58.484801
950,951,2019-09-26 10:21:24.117,-34.593042,-58.484801
951,952,2019-09-26 10:21:24.157,-34.593047,-58.4848
952,953,2019-09-26 10:21:24.197,-34.593047,-58.4848
953,954,2019-09-26 10:21:24.237,-34.593052,-58.4848
954,955,2019-09-26 10:21:24.277,-34.593052,-58.4848
955,956,2019-09-26 10:21:24.317,-34.593052,-58.4848
956,957,2019-09-26 10:21:24.357,-34.593057,-58.4848
957,958,2019-09-26 10:21:24.397,-34.593057,-58.4848
958,959,2019-09-26 10:21:24.437,-34.593057,-58.4848
959,960,2019-09-26 10:21:24.477,-34.593062,-58.4848
960,961,2019-09-26 10:21:24.517,-34.593062,-58.4848
961,962,2019-09-26 10:21:24.557,-34.593066,-58.4848
962,963,2019-09-26 10:21:24.597,-34.593066,-58.4848
963,964,2019-09-26 10:21:24.637,-34.59307,-58.484799
964,965,2019-09-26 10:21:24.677,-34.59307,-58.484799
965,966,2019-09-26 10:21:24.717,-34.59307,-58.484799
966,967,2019-09-26 10:21:24.757,-34.593074,-58.4848
967,968,2019-09-26 10:21:24.797,-34.593074,-58.4848
968,969,2019-09-26 10:21:24.837,-34.593074,-58.4848
969,970,2019-09-26 10:21:24.877,-34.593077,-58.4848
970,971,2019-09-26 10:21:24.917,-34.593077,-58.4848
971,972,2019-09-26 10:21:24.957,-34.59308,-58.4848
972,973,2019-09-26 10:21:24.997,-34.59308,-58.4848
973,974,2019-09-26 10:21:25.037,-34.59308,-58.4848
974,975,2019-09-26 10:21:25.077,-34.593083,-58.4848
975,976,2019-09-26 10:21:25.117,-34.593083,-58.4848
976,977,2019-09-26 10:21:25.157,-34.593086,-58.4848
977,978,2019-09-26 10:21:25.197,-34.593086,-58.4848
978,979,2019-09-26 10:21:25.237,-34.593086,-58.4848
979,980,2019-09-26 10:21:25.277,-34.593089,-58.484799
980,981,2019-09-26 10:21:25.317,-34.593089,-58.484799
981,982,2019-09-26 10:21:25.357,-34.593092,-58.484799
982,983,2019-09-26 10:21:25.397,-34.593092,-58.484799
983,984,2019-09-26 10:21:25.437,-34.593092,-58.484799
984,985,2019-09-26 10:21:25.477,-34.593095,-58.484799
985,986,2019-09-26 10:21:25.517,-34.593095,-58.484799
986,987,2019-09-26 10:21:25.557,-34.593098,-58.484799
987,988,2019-09-26 10:21:25.597,-34.593098,-58.484799
988,989,2019-09-26 10:21:25.637,-34.593098,-58.484799
989,990,2019-09-26 10:21:25.677,-34.593101,-58.484798
990,991,2019-09-26 10:21:25.717,-34.593101,-58.484798
991,992,2019-09-26 10:21:25.757,-34.593104,-58.484798
992,993,2019-09-26 10:21:25.797,-34.593104,-58.484798
993,994,2019-09-26 10:21:25.837,-34.593106,-58.484798
994,995,2019-09-26 10:21:25.877,-34.593106,-58.484798
995,996,2019-09-26 10:21:25.917,-34.593106,-58.484798
996,997,2019-09-26 10:21:25.957,-34.593108,-58.484799
997,998,2019-09-26 10:21:25.997,-34.593108,-58.484799
998,999,2019-09-26 10:21:26.037,-34.593109,-58.484799
999,1000,2019-09-26 10:21:26.077,-34.593109,-58.484799
1000,1001,2019-09-26 10:21:26.117,-34.593109,-58.484799
1001,1002,2019-09-26 10:21:26.157,-34.59311,-58.484799
1002,1003,2019-09-26 10:21:26.197,-34.59311,-58.484799
1003,1004,2019-09-26 10:21:26.237,-34.593111,-58.484799
1004,1005,2019-09-26 10:21:26.277,-34.593111,-58.484799
1005,1006,2019-09-26 10:21:26.317,-34.593111,-58.484799
1006,1007,2019-09-26 10:21:26.357,-34.593111,-58.484799
1007,1008,2019-09-26 10:21:26.397,-34.593111,-58.484799
1008,1009,2019-09-26 10:21:26.437,-34.593111,-58.484799
1009,1010,2019-09-26 10:21:26.477,-34.593111,-58.484799
1010,1011,2019-09-26 10:21:26.517,-34.593111,-58.484799
1011,1012,2019-09-26 10:21:26.557,-34.593112,-58.484798
1012,1013,2019-09-26 10:21:26.597,-34.593112,-58.484798
1013,1014,2019-09-26 10:21:26.637,-34.593112,-58.484798
1014,1015,2019-09-26 10:21:26.677,-34.593112,-58.484798
1015,1016,2019-09-26 10:21:26.717,-34.593112,-58.484798
1016,1017,2019-09-26 10:21:26.757,-34.593112,-58.484797
1017,1018,2019-09-26 10:21:26.797,-34.593112,-58.484797
1018,1019,2019-09-26 10:21:26.837,-34.593112,-58.484797
1019,1020,2019-09-26 10:21:26.877,-34.593112,-58.484797
1020,1021,2019-09-26 10:21:26.917,-34.593112,-58.484797
1021,1022,2019-09-26 10:21:26.957,-34.593112,-58.484796
1022,1023,2019-09-26 10:21:26.997,-34.593112,-58.484796
1023,1024,2019-09-26 10:21:27.037,-34.593112,-58.484796
1024,1025,2019-09-26 10:21:27.077,-34.593112,-58.484795
1025,1026,2019-09-26 10:21:27.117,-34.593112,-58.484795
1026,1027,2019-09-26 10:21:27.157,-34.593112,-58.484795
1027,1028,2019-09-26 10:21:27.197,-34.593112,-58.484795
1028,1029,2019-09-26 10:21:27.237,-34.593112,-58.484795
1029,1030,2019-09-26 10:21:27.277,-34.593112,-58.484795
1030,1031,2019-09-26 10:21:27.317,-34.593112,-58.484795
1031,1032,2019-09-26 10:21:27.357,-34.593112,-58.484794
1032,1033,2019-09-26 10:21:27.397,-34.593112,-58.484794
1033,1034,2019-09-26 10:21:27.437,-34.593112,-58.484794
1034,1035,2019-09-26 10:21:27.477,-34.593112,-58.484794
1035,1036,2019-09-26 10:21:27.517,-34.593112,-58.484794
1036,1037,2019-09-26 10:21:27.557,-34.593112,-58.484794
1037,1038,2019-09-26 10:21:27.597,-34.593112,-58.484794
1038,1039,2019-09-26 10:21:27.637,-34.593112,-58.484794
1039,1040,2019-09-26 10:21:27.677,-34.593112,-58.484794
1040,1041,2019-09-26 10:21:27.717,-34.593112,-58.484794
1041,1042,2019-09-26 10:21:27.757,-34.593112,-58.484794
1042,1043,2019-09-26 10:21:27.797,-34.593112,-58.484794
1043,1044,2019-09-26 10:21:27.837,-34.593112,-58.484794
1044,1045,2019-09-26 10:21:27.877,-34.593112,-58.484794
1045,1046,2019-09-26 10:21:27.917,-34.593112,-58.484794
1046,1047,2019-09-26 10:21:27.957,-34.593112,-58.484794
1047,1048,2019-09-26 10:21:27.997,-34.593112,-58.484794
1048,1049,2019-09-26 10:21:28.037,-34.593112,-58.484794
1049,1050,2019-09-26 10:21:28.077,-34.593113,-58.484794
1050,1051,2019-09-26 10:21:28.117,-34.593113,-58.484794
1051,1052,2019-09-26 10:21:28.157,-34.593113,-58.484794
1052,1053,2019-09-26 10:21:28.197,-34.593113,-58.484794
1053,1054,2019-09-26 10:21:28.237,-34.593113,-58.484794
1054,1055,2019-09-26 10:21:28.277,-34.593114,-58.484793
1055,1056,2019-09-26 10:21:28.317,-34.593114,-58.484793
1056,1057,2019-09-26 10:21:28.357,-34.593115,-58.484793
1057,1058,2019-09-26 10:21:28.397,-34.593115,-58.484793
1058,1059,2019-09-26 10:21:28.437,-34.593115,-58.484793
1059,1060,2019-09-26 10:21:28.477,-34.593115,-58.484793
1060,1061,2019-09-26 10:21:28.517,-34.593115,-58.484793
1061,1062,2019-09-26 10:21:28.557,-34.593116,-58.484794
1062,1063,2019-09-26 10:21:28.597,-34.593116,-58.484794
1063,1064,2019-09-26 10:21:28.637,-34.593116,-58.484794
1064,1065,2019-09-26 10:21:28.677,-34.593116,-58.484794
1065,1066,2019-09-26 10:21:28.717,-34.593116,-58.484794
1066,1067,2019-09-26 10:21:28.757,-34.593117,-58.484793
1067,1068,2019-09-26 10:21:28.797,-34.593117,-58.484793
1068,1069,2019-09-26 10:21:28.837,-34.593117,-58.484793
1069,1070,2019-09-26 10:21:28.877,-34.593117,-58.484793
1070,1071,2019-09-26 10:21:28.917,-34.593117,-58.484793
1071,1072,2019-09-26 10:21:28.957,-34.593117,-58.484794
1072,1073,2019-09-26 10:21:28.997,-34.593117,-58.484794
1073,1074,2019-09-26 10:21:29.037,-34.593117,-58.484794
1074,1075,2019-09-26 10:21:29.077,-34.593117,-58.484794
1075,1076,2019-09-26 10:21:29.117,-34.593117,-58.484794
1076,1077,2019-09-26 10:21:29.157,-34.593117,-58.484794
1077,1078,2019-09-26 10:21:29.197,-34.593117,-58.484794
1078,1079,2019-09-26 10:21:29.237,-34.593117,-58.484794
1079,1080,2019-09-26 10:21:29.277,-34.593117,-58.484794
1080,1081,2019-09-26 10:21:29.317,-34.593117,-58.484794
1081,1082,2019-09-26 10:21:29.357,-34.593117,-58.484794
1082,1083,2019-09-26 10:21:29.397,-34.593117,-58.484794
1083,1084,2019-09-26 10:21:29.437,-34.593117,-58.484794
1084,1085,2019-09-26 10:21:29.477,-34.593117,-58.484794
1085,1086,2019-09-26 10:21:29.517,-34.593117,-58.484794
1086,1087,2019-09-26 10:21:29.557,-34.593118,-58.484794
1087,1088,2019-09-26 10:21:29.597,-34.593118,-58.484794
1088,1089,2019-09-26 10:21:29.637,-34.593117,-58.484794
1089,1090,2019-09-26 10:21:29.677,-34.593117,-58.484794
1090,1091,2019-09-26 10:21:29.717,-34.593117,-58.484794
1091,1092,2019-09-26 10:21:29.757,-34.593117,-58.484794
1092,1093,2019-09-26 10:21:29.797,-34.593117,-58.484794
1093,1094,2019-09-26 10:21:29.837,-34.593117,-58.484794
1094,1095,2019-09-26 10:21:29.877,-34.593117,-58.484794
1095,1096,2019-09-26 10:21:29.917,-34.593117,-58.484794
1096,1097,2019-09-26 10:21:29.957,-34.593117,-58.484794
1097,1098,2019-09-26 10:21:29.997,-34.593117,-58.484794
1098,1099,2019-09-26 10:21:30.037,-34.593117,-58.484794
1099,1100,2019-09-26 10:21:30.077,-34.593117,-58.484794
1100,1101,2019-09-26 10:21:30.117,-34.593117,-58.484794
1101,1102,2019-09-26 10:21:30.157,-34.593117,-58.484794
1102,1103,2019-09-26 10:21:30.197,-34.593117,-58.484794
1103,1104,2019-09-26 10:21:30.237,-34.593117,-58.484794
1104,1105,2019-09-26 10:21:30.277,-34.593117,-58.484794
1105,1106,2019-09-26 10:21:30.317,-34.593117,-58.484794
1106,1107,2019-09-26 10:21:30.357,-34.593117,-58.484794
1107,1108,2019-09-26 10:21:30.397,-34.593117,-58.484794
1108,1109,2019-09-26 10:21:30.437,-34.593117,-58.484794
1109,1110,2019-09-26 10:21:30.477,-34.593117,-58.484794
1110,1111,2019-09-26 10:21:30.517,-34.593117,-58.484794
1111,1112,2019-09-26 10:21:30.557,-34.593117,-58.484794
1112,1113,2019-09-26 10:21:30.597,-34.593117,-58.484794
1113,1114,2019-09-26 10:21:30.637,-34.593117,-58.484794
1114,1115,2019-09-26 10:21:30.677,-34.593117,-58.484794
1115,1116,2019-09-26 10:21:30.717,-34.593117,-58.484794
1116,1117,2019-09-26 10:21:30.757,-34.593117,-58.484794
1117,1118,2019-09-26 10:21:30.797,-34.593117,-58.484794
1118,1119,2019-09-26 10:21:30.837,-34.593117,-58.484794
1119,1120,2019-09-26 10:21:30.877,-34.593117,-58.484794
1120,1121,2019-09-26 10:21:30.917,-34.593117,-58.484794
1121,1122,2019-09-26 10:21:30.957,-34.593117,-58.484794
1122,1123,2019-09-26 10:21:30.997,-34.593117,-58.484794
1123,1124,2019-09-26 10:21:31.037,-34.593117,-58.484794
1124,1125,2019-09-26 10:21:31.077,-34.593117,-58.484793
1125,1126,2019-09-26 10:21:31.117,-34.593117,-58.484793
1126,1127,2019-09-26 10:21:31.157,-34.593117,-58.484793
1127,1128,2019-09-26 10:21:31.197,-34.593117,-58.484793
1128,1129,2019-09-26 10:21:31.237,-34.593117,-58.484793
1129,1130,2019-09-26 10:21:31.277,-34.593117,-58.484793
1130,1131,2019-09-26 10:21:31.317,-34.593117,-58.484793
1131,1132,2019-09-26 10:21:31.357,-34.593117,-58.484793
1132,1133,2019-09-26 10:21:31.397,-34.593117,-58.484793
1133,1134,2019-09-26 10:21:31.437,-34.593117,-58.484793
1134,1135,2019-09-26 10:21:31.477,-34.593117,-58.484793
1135,1136,2019-09-26 10:21:31.517,-34.593117,-58.484793
1136,1137,2019-09-26 10:21:31.557,-34.593117,-58.484793
1137,1138,2019-09-26 10:21:31.597,-34.593117,-58.484793
1138,1139,2019-09-26 10:21:31.637,-34.593117,-58.484793
1139,1140,2019-09-26 10:21:31.677,-34.593117,-58.484793
1140,1141,2019-09-26 10:21:31.717,-34.593117,-58.484793
1141,1142,2019-09-26 10:21:31.757,-34.593117,-58.484793
1142,1143,2019-09-26 10:21:31.797,-34.593117,-58.484793
1143,1144,2019-09-26 10:21:31.837,-34.593117,-58.484793
1144,1145,2019-09-26 10:21:31.877,-34.593117,-58.484793
1145,1146,2019-09-26 10:21:31.917,-34.593117,-58.484793
1146,1147,2019-09-26 10:21:31.957,-34.593117,-58.484793
1147,1148,2019-09-26 10:21:31.997,-34.593117,-58.484793
1148,1149,2019-09-26 10:21:32.037,-34.593117,-58.484793
1149,1150,2019-09-26 10:21:32.077,-34.593117,-58.484793
1150,1151,2019-09-26 10:21:32.117,-34.593117,-58.484793
1151,1152,2019-09-26 10:21:32.157,-34.593117,-58.484793
1152,1153,2019-09-26 10:21:32.197,-34.593117,-58.484793
1153,1154,2019-09-26 10:21:32.237,-34.593117,-58.484793
1154,1155,2019-09-26 10:21:32.277,-34.593117,-58.484793
1155,1156,2019-09-26 10:21:32.317,-34.593117,-58.484793
1156,1157,2019-09-26 10:21:32.357,-34.593117,-58.484793
1157,1158,2019-09-26 10:21:32.397,-34.593117,-58.484793
1158,1159,2019-09-26 10:21:32.437,-34.593117,-58.484793
1159,1160,2019-09-26 10:21:32.477,-34.593117,-58.484793
1160,1161,2019-09-26 10:21:32.517,-34.593117,-58.484793
1161,1162,2019-09-26 10:21:32.557,-34.593117,-58.484793
1162,1163,2019-09-26 10:21:32.597,-34.593117,-58.484793
1163,1164,2019-09-26 10:21:32.637,-34.593117,-58.484793
1164,1165,2019-09-26 10:21:32.677,-34.593117,-58.484793
1165,1166,2019-09-26 10:21:32.717,-34.593117,-58.484793
1166,1167,2019-09-26 10:21:32.757,-34.593117,-58.484793
1167,1168,2019-09-26 10:21:32.797,-34.593117,-58.484793
1168,1169,2019-09-26 10:21:32.837,-34.593117,-58.484793
1169,1170,2019-09-26 10:21:32.877,-34.593117,-58.484793
1170,1171,2019-09-26 10:21:32.917,-34.593117,-58.484793
1171,1172,2019-09-26 10:21:32.957,-34.593117,-58.484793
1172,1173,2019-09-26 10:21:32.997,-34.593117,-58.484793
1173,1174,2019-09-26 10:21:33.037,-34.593117,-58.484793
1174,1175,2019-09-26 10:21:33.077,-34.593117,-58.484793
1175,1176,2019-09-26 10:21:33.117,-34.593117,-58.484793
1176,1177,2019-09-26 10:21:33.157,-34.593117,-58.484793
1177,1178,2019-09-26 10:21:33.197,-34.593117,-58.484793
1178,1179,2019-09-26 10:21:33.237,-34.593117,-58.484793
1179,1180,2019-09-26 10:21:33.277,-34.593117,-58.484793
1180,1181,2019-09-26 10:21:33.317,-34.593117,-58.484793
1181,1182,2019-09-26 10:21:33.357,-34.593117,-58.484793
1182,1183,2019-09-26 10:21:33.397,-34.593117,-58.484793
1183,1184,2019-09-26 10:21:33.437,-34.593117,-58.484793
1184,1185,2019-09-26 10:21:33.477,-34.593117,-58.484793
1185,1186,2019-09-26 10:21:33.517,-34.593117,-58.484793
1186,1187,2019-09-26 10:21:33.557,-34.593117,-58.484793
1187,1188,2019-09-26 10:21:33.597,-34.593117,-58.484793
1188,1189,2019-09-26 10:21:33.637,-34.593117,-58.484793
1189,1190,2019-09-26 10:21:33.677,-34.593117,-58.484793
1190,1191,2019-09-26 10:21:33.717,-34.593117,-58.484793
1191,1192,2019-09-26 10:21:33.757,-34.593117,-58.484793
1192,1193,2019-09-26 10:21:33.797,-34.593117,-58.484793
1193,1194,2019-09-26 10:21:33.837,-34.593117,-58.484793
1194,1195,2019-09-26 10:21:33.877,-34.593117,-58.484793
1195,1196,2019-09-26 10:21:33.917,-34.593117,-58.484793
1196,1197,2019-09-26 10:21:33.957,-34.593117,-58.484793
1197,1198,2019-09-26 10:21:33.997,-34.593117,-58.484793
1198,1199,2019-09-26 10:21:34.037,-34.593117,-58.484793
1199,1200,2019-09-26 10:21:34.077,-34.593117,-58.484793
1200,1201,2019-09-26 10:21:34.117,-34.593117,-58.484793
1201,1202,2019-09-26 10:21:34.157,-34.593117,-58.484793
1202,1203,2019-09-26 10:21:34.197,-34.593117,-58.484793
1203,1204,2019-09-26 10:21:34.237,-34.593117,-58.484793
1204,1205,2019-09-26 10:21:34.277,-34.593117,-58.484793
1205,1206,2019-09-26 10:21:34.317,-34.593117,-58.484793
1206,1207,2019-09-26 10:21:34.357,-34.593117,-58.484793
1207,1208,2019-09-26 10:21:34.397,-34.593117,-58.484793
1208,1209,2019-09-26 10:21:34.437,-34.593117,-58.484793
1209,1210,2019-09-26 10:21:34.477,-34.593117,-58.484792
1210,1211,2019-09-26 10:21:34.517,-34.593117,-58.484792
1211,1212,2019-09-26 10:21:34.557,-34.593117,-58.484792
1212,1213,2019-09-26 10:21:34.597,-34.593117,-58.484792
1213,1214,2019-09-26 10:21:34.637,-34.593117,-58.484792
1214,1215,2019-09-26 10:21:34.677,-34.593116,-58.484792
1215,1216,2019-09-26 10:21:34.717,-34.593116,-58.484792
1216,1217,2019-09-26 10:21:34.757,-34.593116,-58.484792
1217,1218,2019-09-26 10:21:34.797,-34.593116,-58.484792
1218,1219,2019-09-26 10:21:34.837,-34.593116,-58.484792
1219,1220,2019-09-26 10:21:34.877,-34.593116,-58.484792
1220,1221,2019-09-26 10:21:34.917,-34.593116,-58.484792
1221,1222,2019-09-26 10:21:34.957,-34.593116,-58.484792
1222,1223,2019-09-26 10:21:34.997,-34.593116,-58.484792
1223,1224,2019-09-26 10:21:35.037,-34.593116,-58.484792
1224,1225,2019-09-26 10:21:35.077,-34.593116,-58.484792
1225,1226,2019-09-26 10:21:35.117,-34.593116,-58.484792
1226,1227,2019-09-26 10:21:35.157,-34.593116,-58.484792
1227,1228,2019-09-26 10:21:35.197,-34.593116,-58.484792
1228,1229,2019-09-26 10:21:35.237,-34.593116,-58.484792
1229,1230,2019-09-26 10:21:35.277,-34.593116,-58.484792
1230,1231,2019-09-26 10:21:35.317,-34.593116,-58.484792
1231,1232,2019-09-26 10:21:35.357,-34.593116,-58.484792
1232,1233,2019-09-26 10:21:35.397,-34.593116,-58.484792
1233,1234,2019-09-26 10:21:35.437,-34.593116,-58.484792
1234,1235,2019-09-26 10:21:35.477,-34.593116,-58.484792
1235,1236,2019-09-26 10:21:35.517,-34.593116,-58.484792
1236,1237,2019-09-26 10:21:35.557,-34.593116,-58.484792
1237,1238,2019-09-26 10:21:35.597,-34.593116,-58.484792
1238,1239,2019-09-26 10:21:35.637,-34.593116,-58.484792
1239,1240,2019-09-26 10:21:35.677,-34.593116,-58.484792
1240,1241,2019-09-26 10:21:35.717,-34.593116,-58.484792
1241,1242,2019-09-26 10:21:35.757,-34.593116,-58.484792
1242,1243,2019-09-26 10:21:35.797,-34.593116,-58.484792
1243,1244,2019-09-26 10:21:35.837,-34.593116,-58.484792
1244,1245,2019-09-26 10:21:35.877,-34.593116,-58.484792
1245,1246,2019-09-26 10:21:35.917,-34.593116,-58.484792
1246,1247,2019-09-26 10:21:35.957,-34.593116,-58.484792
1247,1248,2019-09-26 10:21:35.997,-34.593116,-58.484792
1248,1249,2019-09-26 10:21:36.037,-34.593116,-58.484792
1249,1250,2019-09-26 10:21:36.077,-34.593116,-58.484792
1250,1251,2019-09-26 10:21:36.117,-34.593116,-58.484792
1251,1252,2019-09-26 10:21:36.157,-34.593116,-58.484792
1252,1253,2019-09-26 10:21:36.197,-34.593116,-58.484792
1253,1254,2019-09-26 10:21:36.237,-34.593116,-58.484792
1254,1255,2019-09-26 10:21:36.277,-34.593116,-58.484792
1255,1256,2019-09-26 10:21:36.317,-34.593116,-58.484792
1256,1257,2019-09-26 10:21:36.357,-34.593116,-58.484792
1257,1258,2019-09-26 10:21:36.397,-34.593116,-58.484792
1258,1259,2019-09-26 10:21:36.437,-34.593116,-58.484792
1259,1260,2019-09-26 10:21:36.477,-34.593116,-58.484792
1260,1261,2019-09-26 10:21:36.517,-34.593116,-58.484792
1261,1262,2019-09-26 10:21:36.557,-34.593116,-58.484792
1262,1263,2019-09-26 10:21:36.597,-34.593116,-58.484792
1263,1264,2019-09-26 10:21:36.637,-34.593116,-58.484792
1264,1265,2019-09-26 10:21:36.677,-34.593116,-58.484792
1265,1266,2019-09-26 10:21:36.717,-34.593116,-58.484792
1266,1267,2019-09-26 10:21:36.757,-34.593116,-58.484792
1267,1268,2019-09-26 10:21:36.797,-34.593116,-58.484792
1268,1269,2019-09-26 10:21:36.837,-34.593116,-58.484792
1269,1270,2019-09-26 10:21:36.877,-34.593116,-58.484792
1270,1271,2019-09-26 10:21:36.917,-34.593116,-58.484792
1271,1272,2019-09-26 10:21:36.957,-34.593116,-58.484792
1272,1273,2019-09-26 10:21:36.997,-34.593116,-58.484792
1273,1274,2019-09-26 10:21:37.037,-34.593116,-58.484792
1274,1275,2019-09-26 10:21:37.077,-34.593116,-58.484792
1275,1276,2019-09-26 10:21:37.117,-34.593116,-58.484792
1276,1277,2019-09-26 10:21:37.157,-34.593116,-58.484792
1277,1278,2019-09-26 10:21:37.197,-34.593116,-58.484792
1278,1279,2019-09-26 10:21:37.237,-34.593116,-58.484792
1279,1280,2019-09-26 10:21:37.277,-34.593116,-58.484792
1280,1281,2019-09-26 10:21:37.317,-34.593116,-58.484792
1281,1282,2019-09-26 10:21:37.357,-34.593116,-58.484792
1282,1283,2019-09-26 10:21:37.397,-34.593116,-58.484792
1283,1284,2019-09-26 10:21:37.437,-34.593116,-58.484792
1284,1285,2019-09-26 10:21:37.477,-34.593116,-58.484792
1285,1286,2019-09-26 10:21:37.517,-34.593116,-58.484792
1286,1287,2019-09-26 10:21:37.557,-34.593116,-58.484792
1287,1288,2019-09-26 10:21:37.597,-34.593116,-58.484792
1288,1289,2019-09-26 10:21:37.637,-34.593116,-58.484792
1289,1290,2019-09-26 10:21:37.677,-34.593116,-58.484792
1290,1291,2019-09-26 10:21:37.717,-34.593116,-58.484792
1291,1292,2019-09-26 10:21:37.757,-34.593116,-58.484792
1292,1293,2019-09-26 10:21:37.797,-34.593116,-58.484792
1293,1294,2019-09-26 10:21:37.837,-34.593116,-58.484792
1294,1295,2019-09-26 10:21:37.877,-34.593116,-58.484792
1295,1296,2019-09-26 10:21:37.917,-34.593116,-58.484792
1296,1297,2019-09-26 10:21:37.957,-34.593116,-58.484792
1297,1298,2019-09-26 10:21:37.997,-34.593116,-58.484792
1298,1299,2019-09-26 10:21:38.037,-34.593116,-58.484792
1299,1300,2019-09-26 10:21:38.077,-34.593116,-58.484792
1300,1301,2019-09-26 10:21:38.117,-34.593116,-58.484792
1301,1302,2019-09-26 10:21:38.157,-34.593116,-58.484792
1302,1303,2019-09-26 10:21:38.197,-34.593116,-58.484792
1303,1304,2019-09-26 10:21:38.237,-34.593116,-58.484792
1304,1305,2019-09-26 10:21:38.277,-34.593116,-58.484792
1305,1306,2019-09-26 10:21:38.317,-34.593116,-58.484792
1306,1307,2019-09-26 10:21:38.357,-34.593116,-58.484792
1307,1308,2019-09-26 10:21:38.397,-34.593116,-58.484792
1308,1309,2019-09-26 10:21:38.437,-34.593116,-58.484792
1309,1310,2019-09-26 10:21:38.477,-34.593116,-58.484792
1310,1311,2019-09-26 10:21:38.517,-34.593116,-58.484792
1311,1312,2019-09-26 10:21:38.557,-34.593116,-58.484792
1312,1313,2019-09-26 10:21:38.597,-34.593116,-58.484792
1313,1314,2019-09-26 10:21:38.637,-34.593116,-58.484792
1314,1315,2019-09-26 10:21:38.677,-34.593116,-58.484792
1315,1316,2019-09-26 10:21:38.717,-34.593116,-58.484792
1316,1317,2019-09-26 10:21:38.757,-34.593116,-58.484792
1317,1318,2019-09-26 10:21:38.797,-34.593116,-58.484792
1318,1319,2019-09-26 10:21:38.837,-34.593116,-58.484792
1319,1320,2019-09-26 10:21:38.877,-34.593116,-58.484792
1320,1321,2019-09-26 10:21:38.917,-34.593116,-58.484792
1321,1322,2019-09-26 10:21:38.957,-34.593116,-58.484792
1322,1323,2019-09-26 10:21:38.997,-34.593116,-58.484792
1323,1324,2019-09-26 10:21:39.037,-34.593116,-58.484792
1324,1325,2019-09-26 10:21:39.077,-34.593116,-58.484792
1325,1326,2019-09-26 10:21:39.117,-34.593116,-58.484792
1326,1327,2019-09-26 10:21:39.157,-34.593116,-58.484792
1327,1328,2019-09-26 10:21:39.197,-34.593116,-58.484792
1328,1329,2019-09-26 10:21:39.237,-34.593116,-58.484792
1329,1330,2019-09-26 10:21:39.277,-34.593116,-58.484792
1330,1331,2019-09-26 10:21:39.317,-34.593116,-58.484792
1331,1332,2019-09-26 10:21:39.357,-34.593116,-58.484792
1332,1333,2019-09-26 10:21:39.397,-34.593116,-58.484792
1333,1334,2019-09-26 10:21:39.437,-34.593116,-58.484792
1334,1335,2019-09-26 10:21:39.477,-34.593116,-58.484792
1335,1336,2019-09-26 10:21:39.517,-34.593116,-58.484792
1336,1337,2019-09-26 10:21:39.557,-34.593116,-58.484791
1337,1338,2019-09-26 10:21:39.597,-34.593116,-58.484791
1338,1339,2019-09-26 10:21:39.637,-34.593116,-58.484791
1339,1340,2019-09-26 10:21:39.677,-34.593116,-58.484791
1340,1341,2019-09-26 10:21:39.717,-34.593116,-58.484791
1341,1342,2019-09-26 10:21:39.757,-34.593116,-58.484791
1342,1343,2019-09-26 10:21:39.797,-34.593116,-58.484791
1343,1344,2019-09-26 10:21:39.837,-34.593116,-58.484791
1344,1345,2019-09-26 10:21:39.877,-34.593116,-58.484791
1345,1346,2019-09-26 10:21:39.917,-34.593116,-58.484791
1346,1347,2019-09-26 10:21:39.957,-34.593116,-58.484791
1347,1348,2019-09-26 10:21:39.997,-34.593116,-58.484791
1348,1349,2019-09-26 10:21:40.037,-34.593116,-58.484791
1349,1350,2019-09-26 10:21:40.077,-34.593116,-58.484791
1350,1351,2019-09-26 10:21:40.117,-34.593116,-58.484791
1351,1352,2019-09-26 10:21:40.157,-34.593116,-58.484791
1352,1353,2019-09-26 10:21:40.197,-34.593116,-58.484791
1353,1354,2019-09-26 10:21:40.237,-34.593116,-58.484791
1354,1355,2019-09-26 10:21:40.277,-34.593116,-58.484791
1355,1356,2019-09-26 10:21:40.317,-34.593116,-58.484791
1356,1357,2019-09-26 10:21:40.357,-34.593116,-58.484791
1357,1358,2019-09-26 10:21:40.397,-34.593116,-58.484791
1358,1359,2019-09-26 10:21:40.437,-34.593116,-58.484791
1359,1360,2019-09-26 10:21:40.477,-34.593116,-58.484791
1360,1361,2019-09-26 10:21:40.517,-34.593116,-58.484791
1361,1362,2019-09-26 10:21:40.557,-34.593116,-58.484791
1362,1363,2019-09-26 10:21:40.597,-34.593116,-58.484791
1363,1364,2019-09-26 10:21:40.637,-34.593116,-58.484791
1364,1365,2019-09-26 10:21:40.677,-34.593116,-58.484791
1365,1366,2019-09-26 10:21:40.717,-34.593116,-58.484791
1366,1367,2019-09-26 10:21:40.757,-34.593116,-58.484791
1367,1368,2019-09-26 10:21:40.797,-34.593116,-58.484791
1368,1369,2019-09-26 10:21:40.837,-34.593116,-58.484791
1369,1370,2019-09-26 10:21:40.877,-34.593116,-58.484791
1370,1371,2019-09-26 10:21:40.917,-34.593116,-58.484791
1371,1372,2019-09-26 10:21:40.957,-34.593116,-58.48479
1372,1373,2019-09-26 10:21:40.997,-34.593116,-58.48479
1373,1374,2019-09-26 10:21:41.037,-34.593116,-58.48479
1374,1375,2019-09-26 10:21:41.077,-34.593116,-58.48479
1375,1376,2019-09-26 10:21:41.117,-34.593116,-58.48479
1376,1377,2019-09-26 10:21:41.157,-34.593116,-58.48479
1377,1378,2019-09-26 10:21:41.197,-34.593116,-58.48479
1378,1379,2019-09-26 10:21:41.237,-34.593116,-58.48479
1379,1380,2019-09-26 10:21:41.277,-34.593116,-58.48479
1380,1381,2019-09-26 10:21:41.317,-34.593116,-58.48479
1381,1382,2019-09-26 10:21:41.357,-34.593116,-58.48479
1382,1383,2019-09-26 10:21:41.397,-34.593116,-58.48479
1383,1384,2019-09-26 10:21:41.437,-34.593117,-58.48479
1384,1385,2019-09-26 10:21:41.477,-34.593117,-58.48479
1385,1386,2019-09-26 10:21:41.517,-34.593117,-58.48479
1386,1387,2019-09-26 10:21:41.557,-34.593117,-58.48479
1387,1388,2019-09-26 10:21:41.597,-34.593117,-58.48479
1388,1389,2019-09-26 10:21:41.637,-34.593117,-58.48479
1389,1390,2019-09-26 10:21:41.677,-34.593117,-58.48479
1390,1391,2019-09-26 10:21:41.717,-34.593117,-58.48479
1391,1392,2019-09-26 10:21:41.757,-34.593117,-58.48479
1392,1393,2019-09-26 10:21:41.797,-34.593117,-58.48479
1393,1394,2019-09-26 10:21:41.837,-34.593117,-58.48479
1394,1395,2019-09-26 10:21:41.877,-34.593117,-58.48479
1395,1396,2019-09-26 10:21:41.917,-34.593117,-58.48479
1396,1397,2019-09-26 10:21:41.957,-34.593117,-58.48479
1397,1398,2019-09-26 10:21:41.997,-34.593117,-58.48479
1398,1399,2019-09-26 10:21:42.037,-34.593117,-58.48479
1399,1400,2019-09-26 10:21:42.077,-34.593117,-58.48479
1400,1401,2019-09-26 10:21:42.117,-34.593117,-58.48479
1401,1402,2019-09-26 10:21:42.157,-34.593117,-58.48479
1402,1403,2019-09-26 10:21:42.197,-34.593117,-58.48479
1403,1404,2019-09-26 10:21:42.237,-34.593117,-58.48479
1404,1405,2019-09-26 10:21:42.277,-34.593117,-58.48479
1405,1406,2019-09-26 10:21:42.317,-34.593117,-58.48479
1406,1407,2019-09-26 10:21:42.357,-34.593117,-58.48479
1407,1408,2019-09-26 10:21:42.397,-34.593117,-58.48479
1408,1409,2019-09-26 10:21:42.437,-34.593117,-58.48479
1409,1410,2019-09-26 10:21:42.477,-34.593117,-58.48479
1410,1411,2019-09-26 10:21:42.517,-34.593117,-58.48479
1411,1412,2019-09-26 10:21:42.557,-34.593117,-58.48479
1412,1413,2019-09-26 10:21:42.597,-34.593117,-58.48479
1413,1414,2019-09-26 10:21:42.637,-34.593117,-58.48479
1414,1415,2019-09-26 10:21:42.677,-34.593117,-58.48479
1415,1416,2019-09-26 10:21:42.717,-34.593117,-58.48479
1416,1417,2019-09-26 10:21:42.757,-34.593117,-58.48479
1417,1418,2019-09-26 10:21:42.797,-34.593117,-58.48479
1418,1419,2019-09-26 10:21:42.837,-34.593117,-58.48479
1419,1420,2019-09-26 10:21:42.877,-34.593117,-58.484789
1420,1421,2019-09-26 10:21:42.917,-34.593117,-58.484789
1421,1422,2019-09-26 10:21:42.957,-34.593117,-58.484789
1422,1423,2019-09-26 10:21:42.997,-34.593117,-58.484789
1423,1424,2019-09-26 10:21:43.037,-34.593117,-58.484789
1424,1425,2019-09-26 10:21:43.077,-34.593117,-58.484789
1425,1426,2019-09-26 10:21:43.117,-34.593117,-58.484789
1426,1427,2019-09-26 10:21:43.157,-34.593117,-58.484789
1427,1428,2019-09-26 10:21:43.197,-34.593117,-58.484789
1428,1429,2019-09-26 10:21:43.237,-34.593117,-58.484789
1429,1430,2019-09-26 10:21:43.277,-34.593117,-58.484789
1430,1431,2019-09-26 10:21:43.317,-34.593117,-58.484789
1431,1432,2019-09-26 10:21:43.357,-34.593117,-58.484789
1432,1433,2019-09-26 10:21:43.397,-34.593117,-58.484789
1433,1434,2019-09-26 10:21:43.437,-34.593117,-58.484789
1434,1435,2019-09-26 10:21:43.477,-34.593117,-58.484789
1435,1436,2019-09-26 10:21:43.517,-34.593117,-58.484789
1436,1437,2019-09-26 10:21:43.557,-34.593117,-58.484789
1437,1438,2019-09-26 10:21:43.597,-34.593117,-58.484789
1438,1439,2019-09-26 10:21:43.637,-34.593117,-58.484789
1439,1440,2019-09-26 10:21:43.677,-34.593117,-58.484789
1440,1441,2019-09-26 10:21:43.717,-34.593117,-58.484789
1441,1442,2019-09-26 10:21:43.757,-34.593117,-58.484789
1442,1443,2019-09-26 10:21:43.797,-34.593117,-58.484789
1443,1444,2019-09-26 10:21:43.837,-34.593117,-58.484789
1444,1445,2019-09-26 10:21:43.877,-34.593117,-58.484789
1445,1446,2019-09-26 10:21:43.917,-34.593117,-58.484789
1446,1447,2019-09-26 10:21:43.957,-34.593117,-58.484789
1447,1448,2019-09-26 10:21:43.997,-34.593117,-58.484789
1448,1449,2019-09-26 10:21:44.037,-34.593117,-58.484789
1449,1450,2019-09-26 10:21:44.077,-34.593117,-58.484788
1450,1451,2019-09-26 10:21:44.117,-34.593117,-58.484788
1451,1452,2019-09-26 10:21:44.157,-34.593117,-58.484788
1452,1453,2019-09-26 10:21:44.197,-34.593117,-58.484788
1453,1454,2019-09-26 10:21:44.237,-34.593117,-58.484788
1454,1455,2019-09-26 10:21:44.277,-34.593117,-58.484788
1455,1456,2019-09-26 10:21:44.317,-34.593117,-58.484788
1456,1457,2019-09-26 10:21:44.357,-34.593117,-58.484789
1457,1458,2019-09-26 10:21:44.397,-34.593117,-58.484789
1458,1459,2019-09-26 10:21:44.437,-34.593117,-58.484789
1459,1460,2019-09-26 10:21:44.477,-34.593117,-58.484788
1460,1461,2019-09-26 10:21:44.517,-34.593117,-58.484788
1461,1462,2019-09-26 10:21:44.557,-34.593117,-58.484788
1462,1463,2019-09-26 10:21:44.597,-34.593117,-58.484788
1463,1464,2019-09-26 10:21:44.637,-34.593117,-58.484788
1464,1465,2019-09-26 10:21:44.677,-34.593117,-58.484788
1465,1466,2019-09-26 10:21:44.717,-34.593117,-58.484788
1466,1467,2019-09-26 10:21:44.757,-34.593117,-58.484788
1467,1468,2019-09-26 10:21:44.797,-34.593117,-58.484788
1468,1469,2019-09-26 10:21:44.837,-34.593117,-58.484788
1469,1470,2019-09-26 10:21:44.877,-34.593117,-58.484788
1470,1471,2019-09-26 10:21:44.917,-34.593117,-58.484788
1471,1472,2019-09-26 10:21:44.957,-34.593117,-58.484788
1472,1473,2019-09-26 10:21:44.997,-34.593117,-58.484788
1473,1474,2019-09-26 10:21:45.037,-34.593117,-58.484788
1474,1475,2019-09-26 10:21:45.077,-34.593117,-58.484788
1475,1476,2019-09-26 10:21:45.117,-34.593117,-58.484788
1476,1477,2019-09-26 10:21:45.157,-34.593117,-58.484788
1477,1478,2019-09-26 10:21:45.197,-34.593117,-58.484788
1478,1479,2019-09-26 10:21:45.237,-34.593117,-58.484788
1479,1480,2019-09-26 10:21:45.277,-34.593118,-58.484788
1480,1481,2019-09-26 10:21:45.317,-34.593118,-58.484788
1481,1482,2019-09-26 10:21:45.357,-34.593118,-58.484788
1482,1483,2019-09-26 10:21:45.397,-34.593118,-58.484788
1483,1484,2019-09-26 10:21:45.437,-34.593118,-58.484788
1484,1485,2019-09-26 10:21:45.477,-34.593118,-58.484788
1485,1486,2019-09-26 10:21:45.517,-34.593118,-58.484788
1486,1487,2019-09-26 10:21:45.557,-34.593118,-58.484788
1487,1488,2019-09-26 10:21:45.597,-34.593118,-58.484788
1488,1489,2019-09-26 10:21:45.637,-34.593118,-58.484788
1489,1490,2019-09-26 10:21:45.677,-34.593118,-58.484788
1490,1491,2019-09-26 10:21:45.717,-34.593118,-58.484788
1491,1492,2019-09-26 10:21:45.757,-34.593118,-58.484788
1492,1493,2019-09-26 10:21:45.797,-34.593118,-58.484788
1493,1494,2019-09-26 10:21:45.837,-34.593118,-58.484788
1494,1495,2019-09-26 10:21:45.877,-34.593118,-58.484788
1495,1496,2019-09-26 10:21:45.917,-34.593118,-58.484788
1496,1497,2019-09-26 10:21:45.957,-34.593118,-58.484789
1497,1498,2019-09-26 10:21:45.997,-34.593118,-58.484789
1498,1499,2019-09-26 10:21:46.037,-34.593118,-58.484789
1499,1500,2019-09-26 10:21:46.077,-34.593118,-58.484789
1500,1501,2019-09-26 10:21:46.117,-34.593118,-58.484789
1501,1502,2019-09-26 10:21:46.157,-34.593118,-58.484789
1502,1503,2019-09-26 10:21:46.197,-34.593118,-58.484789
1503,1504,2019-09-26 10:21:46.237,-34.593118,-58.484789
1504,1505,2019-09-26 10:21:46.277,-34.593118,-58.484789
1505,1506,2019-09-26 10:21:46.317,-34.593118,-58.484789
1506,1507,2019-09-26 10:21:46.357,-34.593117,-58.484789
1507,1508,2019-09-26 10:21:46.397,-34.593117,-58.484789
1508,1509,2019-09-26 10:21:46.437,-34.593117,-58.484789
1509,1510,2019-09-26 10:21:46.477,-34.593117,-58.484789
1510,1511,2019-09-26 10:21:46.517,-34.593117,-58.484789
1511,1512,2019-09-26 10:21:46.557,-34.593117,-58.484789
1512,1513,2019-09-26 10:21:46.597,-34.593117,-58.484789
1513,1514,2019-09-26 10:21:46.637,-34.593117,-58.484789
1514,1515,2019-09-26 10:21:46.677,-34.593117,-58.484789
1515,1516,2019-09-26 10:21:46.717,-34.593117,-58.484789
1516,1517,2019-09-26 10:21:46.757,-34.593117,-58.484789
1517,1518,2019-09-26 10:21:46.797,-34.593117,-58.484789
1518,1519,2019-09-26 10:21:46.837,-34.593117,-58.484789
1519,1520,2019-09-26 10:21:46.877,-34.593117,-58.484789
1520,1521,2019-09-26 10:21:46.917,-34.593117,-58.484789
1521,1522,2019-09-26 10:21:46.957,-34.593117,-58.484789
1522,1523,2019-09-26 10:21:46.997,-34.593117,-58.484789
1523,1524,2019-09-26 10:21:47.037,-34.593117,-58.484789
1524,1525,2019-09-26 10:21:47.077,-34.593117,-58.484789
